filename,size_bytes,sha256
ref_samples_eco101_2024.parquet,456871,04fc721d085e6cca7f2a14d2b7ece4708c95e2dbd7894cda7ecdcff20f87f3ee
ref_samples_eco108_2024.parquet,579618,a3accc11f630d4a5f27040c9f7778cc94fe26029d3421ecb389377a0e755a5af
ref_samples_eco110_2024.parquet,694076,396db6727b96443fd9b8a6def1cdab05afcbf169ab01d5bf1698068d47b88b5e
ref_samples_eco111_2024.parquet,613480,23d0626857eb036c0021e00be5feaab5a43e25ce315d354ba89454d1d3a6d039
ref_samples_eco112_2024.parquet,521429,3f2ffcd9a8dd8755d2dad4b9b13796e313e453df826c15f22cffdb3d19e77b74
ref_samples_eco113_2024.parquet,557932,19f415c38c4d4030d9cdf2dbfb41af2a8b7576490fbeed7700a2e00f12fc265d
ref_samples_eco114_2024.parquet,513961,c2b283937ead6079702e3a8568f59af994266aaa07b39c3ded9b4bf323f147c2
ref_samples_eco116_2024.parquet,408628,9f7454b71c01e29da8dbd5b36968d1a3055576e07a6baeec92f0109536a8f9d1
ref_samples_eco139_2024.parquet,702524,c6c58725eed8a97de1c27186af70c6b2787ab9e5f9351925c1789beb6b656790
ref_samples_eco156_2024.parquet,607827,067a8fd0b7c3bf58b010a4a3a075d6eda9d6381ff2f11fe652324f286b0621f4
ref_samples_eco168_2024.parquet,560148,35606454b046f2fd9555a9c5a4fe90a9c51e3a0ca82fa370e366806e600cc8f8
ref_samples_eco176_2024.parquet,460575,466f27fad6cc0b283d3255f5e1935e35573ffa9bbe5a6880c565ace7b08b1426
ref_samples_eco182_2024.parquet,470740,1e23c1e400c5ea1dfc7f00c1b0a0d18efdd40ce50a0e3327650ed837aac90f89
ref_samples_eco184_2024.parquet,683398,1de98ddd3595f7596b1dd5a769d3541fbce72e3d59c5082b70b5c1c6afcb37be
ref_samples_eco186_2024.parquet,644066,f07bff5f70529c7e48afe3e2c6ad7651b5d94a28acc19069e8686406fe33db38
ref_samples_eco191_2024.parquet,591157,86e961a3dda15430ba9bf303a4ba419388b80e5886e7a50fd3240129f30ab02f
ref_samples_eco192_2024.parquet,456576,6ede1e319f076917954a12ac8ab36c9e75a4fee400de8153561f8e6d80aac0e0
ref_samples_eco197_2024.parquet,504923,f9a517d5d13c0cc76aa57a470d69e6be551823e0e6fc754d1f4bb4c7d45393ec
ref_samples_eco198_2024.parquet,596806,fbc2ba9853d891f32c9220d558045b3e84a0a4ad7e152eb0f5da321c950cc32d
ref_samples_eco1_2024.parquet,660639,ffad7085571d25fc0e497777fd5b6c7927015d7e2b9cfa7b6f65a5e1899402a0
ref_samples_eco200_2024.parquet,453735,dcd3ccadbe301250165093401819a9c45f012df32742bbc1fb427593aa24d483
ref_samples_eco202_2024.parquet,523210,ad86c51a19fdc080b1c855a2ffb8c4a37d5ce79c9c1988076fe68e5275234c91
ref_samples_eco203_2024.parquet,462476,ce0145f9f3d3c080df99685f11ab0f10495aad62808d2f26b38bfb739a981e89
ref_samples_eco204_2024.parquet,501618,6e705bd285e34553b666cf5c52821307ce09d249d66bc05163b74a1e800aaabe
ref_samples_eco205_2024.parquet,631151,4e14d4ab35e8116dce1f54f1836327cb9f74d1d915e9ba077bcc48586b7dc108
ref_samples_eco206_2024.parquet,620475,6c0bb71fc09e689ff7ef97eef5907d48f2218a11f0cf08edfdd3ae78822b6e76
ref_samples_eco208_2024.parquet,5535606,7ca5df3698503d10a5f6d248d5434665daa8d67cc035bd0e3833ce06e5ea032c
ref_samples_eco209_2024.parquet,8940698,42d4ded962bf7244a2a852281a7d0861c5ba62adbe53e52e2652aa47c62711f0
ref_samples_eco210_2024.parquet,2176103,ead6933da80aca1518acb0dda94d5d3ed438cd85479411dc7c88420ac880f72c
ref_samples_eco211_2024.parquet,596771,ee0ea37570dcadd5e88f0b67c25a7b46e18ad0d2968007d8125187c4762581cc
ref_samples_eco213_2024.parquet,573478,c706da1f21b240178b143d3e946c5aa370192f06153a261937dd2ce3670b9e4e
ref_samples_eco216_2024.parquet,1559866,00a608953d6ef5ea5926690b92fc7a8b853afef4de23a82d8f9c666aac47ed38
ref_samples_eco217_2024.parquet,663301,7df97ab2a43631d07b139679b83487f82e647fd29855dec51140f2a4380a9ede
ref_samples_eco219_2024.parquet,591493,b771e7025701bae9b1abe23a8f41b96fa10017303079cfb35fd0b7d2faf5950a
ref_samples_eco220_2024.parquet,638133,15545798e810b8e714955bec2c5bb8b9c7760965bb5925b0d0a0945d06f52553
ref_samples_eco223_2024.parquet,559984,29c7b0d948cc4091a1ffbdb5eab532448df454049e61f85c0c0a7f9c4bac2bf5
ref_samples_eco224_2024.parquet,566655,149d06f3159a3ce9e2b9e20351c98e21fae860714a633ef869face24dbc2cedc
ref_samples_eco225_2024.parquet,572202,7c10256f1b4fef6c83bbd8562c6af18c2208c02ac21cf389020dd65f472a89b6
ref_samples_eco228_2024.parquet,697056,502140e5b98174f2904460d41bc4c4d0405d220072a397cf1aca29c2c24aecfd
ref_samples_eco229_2024.parquet,626059,18c8b1fb940f6ee8b98f4882ba43bad67731b6264df085979e18930c82f3473e
ref_samples_eco22_2024.parquet,580892,670e39aa23afe1e6a4f078c051479d5131dfeec9e2c0139f90882e9b8279e912
ref_samples_eco230_2024.parquet,606594,610797f8cfae6e9477aa8876dacce6719939070badf66e98554d04339229ae35
ref_samples_eco233_2024.parquet,464140,9d517cb6d8b013d5fdf3837b8cb3b89a61b43e6b5cdf720d923c46ddb2b014f5
ref_samples_eco234_2024.parquet,567999,ce7c8a5e75487520f96d041c50679949de261c523086d179dd4d82b8dd02593e
ref_samples_eco235_2024.parquet,700467,bcea55a418a2c2f12b4d57991e9ae95ceb88fee63ebbe656406758f42399adc2
ref_samples_eco236_2024.parquet,580996,99c7ddb2044ab6c45b71ad20b58cc93b70362770945f80df2a30766893172c8f
ref_samples_eco237_2024.parquet,511611,3c6b077863c37383daeac884da53157b263b17d2c9547f0540ad5bb4267ef685
ref_samples_eco238_2024.parquet,705903,f94fd5c43388d13c58b6c6c5e466cc7137478400c0ff51956ad5eb88c444bd68
ref_samples_eco239_2024.parquet,466038,cdcaab2036d98770c81c97a8b0fe89a2780ddc47849365aaabd158483ae8ee5a
ref_samples_eco247_2024.parquet,645380,d8a33ed8cf640116794f66867b73121a5e5cba0449b4605fcdc5306a1477774d
ref_samples_eco24_2024.parquet,618201,e5b4d72bc232dea22e1c47d5787b9095b0eb3b4399df5233eef3ce7c8276ca06
ref_samples_eco253_2024.parquet,531317,8b3353266d5a07d646dd48a78111b23292eb6245a340692139f15c7e0acea13f
ref_samples_eco256_2024.parquet,663012,cc137cbc377932895cfec26e661961b7fa9fcc06034039b4de08d095ca2c391f
ref_samples_eco265_2024.parquet,714237,60d9ef0d6230f224f690dcdcce06cfc5c7a515ebe180b45a53ec1d43fc9eecd1
ref_samples_eco266_2024.parquet,449509,b98811e15372fb69c29d1aaf981260baa83ebcdf9603161dc1fb00209380f571
ref_samples_eco268_2024.parquet,480750,c9d8108e9e13adf538af96f8c07d7f653d6fee02e0ce866629956ccd3311e497
ref_samples_eco26_2024.parquet,749452,9aecd8726e8e77eb69fa2bd8d3e30417effd4276655cc638a4c46889b17b942c
ref_samples_eco273_2024.parquet,668276,71c42fe78128e530b7da51dea842a942154097596b28534b8f3a4ef4bcbd08c5
ref_samples_eco277_2024.parquet,674881,c55a82725823ddffa4228f5bf8f9f709e94b7154b5bc3c39328714e7764d7eb2
ref_samples_eco278_2024.parquet,627251,f06a19480e515313c8d857dbcf756402dd32f199c3da5e913d616246d03e90b6
ref_samples_eco280_2024.parquet,694361,be5c657c1c4833c2da8283a200574625b801ca5780599742c9fa90aac61ca117
ref_samples_eco283_2024.parquet,546755,660b6fec6492c89e3ccd70591fe48866c8e641993b3dc502a5b0bc559f5a1d7f
ref_samples_eco284_2024.parquet,733444,756ea29f83e0dbefe66f8f83a7ea1e69f02cbaf0351ea7351574ae0b6d244358
ref_samples_eco285_2024.parquet,600837,44a643af8c8bf3826d1229302ea6076ef26439d85d26c007f52bc5d9112e9bfe
ref_samples_eco286_2024.parquet,565551,6149ca8ba0f976ea708b61ac3295b1643bbfaab106aacacfc1fd033200b2a68c
ref_samples_eco287_2024.parquet,655905,b81433b2e3a5ad95f3e0da3778e199877e23115b2ca1e11cf6d09c248c7a4375
ref_samples_eco288_2024.parquet,557662,3c6556bf2961c13e5a79967d1f5a8c60faefbad3d86d755d57d783d84055dfc5
ref_samples_eco289_2024.parquet,467234,cbd56cd1e63c8f9cc236f401f732b707117d3f9a1765713d7e8c3c0c3fbf129b
ref_samples_eco290_2024.parquet,611428,d4922e936d8ee4653cd94c444ff1d5e03a38530dfa288e7bd6cbbcd553177b68
ref_samples_eco291_2024.parquet,465626,1e15f9954b787ebdde1ce7d8b81200f36a8dbb1a2cef5a18adcefe9ce0854cb7
ref_samples_eco292_2024.parquet,496170,d7d5231b830534e4920eb52910991551085f95db9a1cd60eb3150db078da0619
ref_samples_eco293_2024.parquet,549030,17da9258b8bbfee1a2f0f694b3a18acb607683f68a6f07a74d886f472e46f3cd
ref_samples_eco295_2024.parquet,654425,cac9604b7b852116af60ec69e5cde4fd614d98bc2d0e357d53f78f24ca943bfd
ref_samples_eco296_2024.parquet,456703,f221316c4c5fb9132ff6ded5f33ea264a757b9f506ca0ae0380972f69c07f7eb
ref_samples_eco298_2024.parquet,462807,0a45a6362fb5bdd72ec676f888b8f95a3cd02707a84aaef3f4f30ead3b7ffa05
ref_samples_eco299_2024.parquet,721674,7a2739fd9d6d78aff25222df2dcd292dfb8bc004e30e3b6e24fb1506d3892256
ref_samples_eco300_2024.parquet,479420,4302eb37dd845d3327c9d1176a79a01ed3399e41709ccf87130bdc88a5a2e59b
ref_samples_eco302_2024.parquet,480176,c2da0793c789678ba8a91c0d567922b705b5a509e5d9207fcf9db4ee1e465a39
ref_samples_eco309_2024.parquet,790626,d841dcbc884b7070908048c3af16582b5aae92bad10a2c833149e5412ca1d36d
ref_samples_eco30_2024.parquet,694014,aa0fca096f85bc9ddaf3555dd9bf841587efad57ef7a4efaa7a5de6874a70e93
ref_samples_eco311_2024.parquet,594887,528f5646ebc156e5c34017f659083e5b635ce3387b0d1dc9eecdb4caf6bc00c0
ref_samples_eco314_2024.parquet,480725,1e51840245d70c3c80a430429e0b7d97db01cfaf7a8bcbe240e2ad0e4c22be23
ref_samples_eco315_2024.parquet,464766,417a9c6394e519ddfa7795c404901ba663d6bec61bba6bc922db25a5b7e61cfd
ref_samples_eco317_2024.parquet,637513,ed4fac069b5f893b91f2bc7bd83ccd61876b35fd3b8ab27ac66e087ac7d7ba45
ref_samples_eco318_2024.parquet,701358,59a6d3da5ed489dd28c8a68eacc2cf4943e4f5c86a21ddd9ff0d1397c96cb703
ref_samples_eco319_2024.parquet,472578,94d5f5dc19bd90dd268bc892f8757d9a914f83d10310705abb49f4060ae8faeb
ref_samples_eco320_2024.parquet,466473,918bf7e6aa36f3bc9ee958b94ef36fb3bb5ba18dbfbbdf780a1ecdd1f203bad7
ref_samples_eco321_2024.parquet,472445,93d5bc5029eaaf629e9e1cd906f85b643712fde6455f71150bc75ab46ced3061
ref_samples_eco322_2024.parquet,481480,0e4c4ae05ec43e1420bdccea8f839411ddcf7da2485b503dd16a5e3b2d83b543
ref_samples_eco323_2024.parquet,448871,df4b45c3ea2a64d120eab17857d8b8725e85d38bbbbb84a6d569e44e91e60768
ref_samples_eco32_2024.parquet,704984,379ae8721bee0a6a2e21c8d016b6c50b08f1c91675bbe29d830f7955adcec579
ref_samples_eco330_2024.parquet,611124,ec682c26e4082a22cc62ad7292f0c8b719ab19c24b77efed36c0e008793af8e0
ref_samples_eco332_2024.parquet,547199,7cc40afc8f257a8b135d22c102e4456e9145209f394eed11468b4ea35e5b18ae
ref_samples_eco333_2024.parquet,618886,a5b2ff4fb1828330b6806dffc13dfef9d0242a9186271f8ee2c006b8ee84b480
ref_samples_eco334_2024.parquet,675884,b45d03b9a7b0d41f610a1abf834522e7d9a2f162f5025d0a05f1bff56d56426f
ref_samples_eco336_2024.parquet,580668,026ab939ae09020a6a11f85c1a26b0776a6e6a502b9771e7ed2edb198f83925b
ref_samples_eco338_2024.parquet,598962,4e808aca843f256e71f2be448a491e53f3f25f0c993058fcfec869cb90f8fb85
ref_samples_eco343_2024.parquet,653941,d0b12fd97b6f01569ff8e07f41a5f37e655fe379dc17a37087c36def1c547c18
ref_samples_eco345_2024.parquet,668944,eb426386c5c2a0f46843a0c2cb5041ea1ab085de28314f9c79e30d87f7478da0
ref_samples_eco346_2024.parquet,846855,1d56fbc3e17cfd71af8fd2b3bbe91075f4922f6c388e5878d9dd74d2e13f7195
ref_samples_eco349_2024.parquet,696376,f5552a9378df61296ae11c682bc786b727e76ba858516b44b261f678b128892f
ref_samples_eco34_2024.parquet,893065,95e0a12e955ebc0ee4f1d04df5321e80fdc0e1bb4565dc22a2a30115ed677180
ref_samples_eco352_2024.parquet,570941,acbc9adb5fd0151cad1676980ac1137ec7d48b644c802f8e8321593a101ea8e2
ref_samples_eco35_2024.parquet,539739,c015c7b57944c36a4dac675e5570792348361538561187fbdea67a0639ef5b76
ref_samples_eco361_2024.parquet,610800,3c417b1869bbaebf2491893261027288dff54e25a3220cad162a3df663babff6
ref_samples_eco364_2024.parquet,538211,4648f5cbe4b63704ddfe00b6c224025369b4a452f59044e51224d6d8b0a26765
ref_samples_eco36_2024.parquet,587735,441b2c8599ac5b8afdac3feb3ecadfc07bd4f68c14fedbd7f02cca2d66d89630
ref_samples_eco370_2024.parquet,688969,8e156873f2eb8dddd0e37e497f8a80d52bef57f3967e3bc69f7cd03246e3c72a
ref_samples_eco373_2024.parquet,586841,bbd67854d3b20d7d8807d328cf78de728b27293460bf662d42b20b453f1b4b6a
ref_samples_eco374_2024.parquet,547052,e78398d3ccd2794ff79f5383d6f006c2ccf92337564810ef3bfe9c5ec3093f36
ref_samples_eco376_2024.parquet,484600,3b9340478f8ea9f3ffb6af09a983a3adc25e365701a0de9574c55dccff31430b
ref_samples_eco377_2024.parquet,551506,e2684213bafa2033de679a9013188cabe985240cd2127df705ded5c9df912a0e
ref_samples_eco378_2024.parquet,610821,dbbd4a23902ed620ac7e086b164a45996cd3de5b0764abfbeebbf4b44e60547a
ref_samples_eco383_2024.parquet,586876,7ad4faeceed1d32a1511bfbfa2397872de7f4efa373cc0e92acaa3d4b8ddad80
ref_samples_eco384_2024.parquet,646442,ae4de0fb43021fbaddeaf806f24c2b2a4f42438a4c23b8505e7795094434031b
ref_samples_eco386_2024.parquet,591839,370db455657f56a4ede38c2a431f89d60e754bce4917138a9613f59125a93074
ref_samples_eco387_2024.parquet,705574,0ec0f6a19ce22b314d50dc0ca94192ef624af90b05e61e3888244641d800b071
ref_samples_eco388_2024.parquet,489415,5d47253017771084efba11a2c9f3b4794c717e947b94fc527a81ef42de585164
ref_samples_eco389_2024.parquet,644866,a72962324b47ccbafd99a0621555f49601e0473200e06056d814d9008e044946
ref_samples_eco38_2024.parquet,459896,a83bc0994efd871d070f44103a2a3565b61a15c64211c71f47c3dad60d64338f
ref_samples_eco390_2024.parquet,558522,f348fc7f394ccd4ec5c7b08d96a3f04df0cd61cb3b79ff2f657da3f53569874c
ref_samples_eco391_2024.parquet,522978,83fd7c8cb02062cfd510ff9ed4ad8f89d4459e5631c4ca319677381b5a478665
ref_samples_eco393_2024.parquet,700613,f611d2a456ae6f69237177ba59257183efd2dd9a36497cc1457166407a57b7c0
ref_samples_eco394_2024.parquet,697119,b76459cc8f4f175f9f621e3b25193e35232af5cd31ff91b4fee4f4890889ddeb
ref_samples_eco396_2024.parquet,576004,9fb8f19d9640acc28a523e50224fabfa82c91ad7af66ef40135773f1384d3c08
ref_samples_eco397_2024.parquet,571526,125939c0bfbb0991ffbdde36b6739360b77635335d51e59a98d9dd0eb30121b0
ref_samples_eco399_2024.parquet,625738,8d9c40bf7097f38d2a4b9c1a1d9561dc05d0b063f725bb37f883483d7155575f
ref_samples_eco39_2024.parquet,556969,a09be47bdb1e0b445e2e05b4fff197e5086869626c6fc2a450cb549456a49d36
ref_samples_eco3_2024.parquet,627551,61c4903db45442bc64259eb0159eb42d0c51dc4243347edf438fcc653d87a22e
ref_samples_eco401_2024.parquet,609710,8eab20ee9bd3e61a7fabd45d7054c70a3876630b84f03379cad7b698a738a449
ref_samples_eco402_2024.parquet,648864,3d685000bc090ec10e88c00caba39e66d1bd40ea624a659ed18e35145e0fe845
ref_samples_eco409_2024.parquet,661124,19eefabf6e14d7e892795eec3904f83d18398a3709a8d4251686fe6ab21d0bf0
ref_samples_eco40_2024.parquet,521840,54f31750f758002fe71df9d0555f5f482f9be18cb0d86454bc99a3ba45fd6f38
ref_samples_eco411_2024.parquet,634910,82a46446270450a9efe179033be050ea9fcc826ef81eb3b712c4386cb235a358
ref_samples_eco413_2024.parquet,554000,5751ab928fe802515e8578e1d3adec8b68c3594965fb797b87f9ceeac4c972c2
ref_samples_eco41_2024.parquet,519986,e6519c1ffa140fe3eabb71418f121f14c93786e6fb62ff0111ce785adbae01c2
ref_samples_eco422_2024.parquet,483981,88e8576c65e9dcc56c437e12ab6e9ab5a73823afed44cccbc1a4193900d658b2
ref_samples_eco423_2024.parquet,493296,4266adcde8ba313a203baba91a7192b4b951431265b35743bcd06da7061a1cc1
ref_samples_eco427_2024.parquet,516114,aa841453d4414c7f29052db95145494f231acfee29f928e75f11a133d86babfe
ref_samples_eco428_2024.parquet,616996,46912c19b3eb091cd4c5b42e7e3dfb18bd1005308cb38a299758e286a3aff79c
ref_samples_eco429_2024.parquet,642572,6edaa54fd3129a8244405389d40506c0ad44a986737a00195ace8ec129433a5e
ref_samples_eco42_2024.parquet,543465,8142324f34b22f19f03920f0db04f8d8602d28880946b2c128bb23b4f34bdad3
ref_samples_eco430_2024.parquet,716909,fee3bd943e05c9a1d4613471d002405b8a3ec4184698d039ccbf1da026cda7c9
ref_samples_eco434_2024.parquet,664033,c455df072899d15f2b2152b48d46b7fb464c7dd60ed6b9585affca6ec8425d75
ref_samples_eco435_2024.parquet,706920,75b1f2abf8b4c14e5e88d746110152d505a3189256d1e1553344351ea96a71bb
ref_samples_eco436_2024.parquet,549562,7ac399d993aec0aaa9eecb98fd9b85aceb5fe93f153d6bf4c30b692d067d4f0b
ref_samples_eco437_2024.parquet,578682,a376a0f0ee2bb23a3121c653c8bceb9ad42ccaf7bb96334dd1ad03e4505ae5c2
ref_samples_eco439_2024.parquet,544126,2bb0045a6e2cc153596184f78460f76be0d41cf19a0844b23cd638709087a1ee
ref_samples_eco43_2024.parquet,564190,3818d90ca256a364998f293963ffcf3bc4cd4516b496297b58a586ba3ff02add
ref_samples_eco440_2024.parquet,568010,efd882b434688c1aaa4689a8fbe5de30b83668244c5305ed132079918c41ae0b
ref_samples_eco443_2024.parquet,577202,fe83dc9210767c80686e7e9c586ad5a97a1231cb35028b10afd26f0b9265007a
ref_samples_eco448_2024.parquet,511540,8883810635fce643f28496b1bd4b9b63483123c68962ce2417a7c5eaa27f66ec
ref_samples_eco44_2024.parquet,564765,34926b9bb336a2a5abd1e7043f8c784dd4d046388e667e5b46855b2b5ff7e265
ref_samples_eco456_2024.parquet,542130,785540403bddbb3974473be80ed999ec1a2c8a381d7aacdb1e69c7152dc954c4
ref_samples_eco460_2024.parquet,524457,d8813450a8aa558107c84854f641c30108130fa99a94768c93f125a3919c37e6
ref_samples_eco465_2024.parquet,607881,e0396db6168631da393d26ca6b9efc11c350c50b0b20ffabbdce795c93529f99
ref_samples_eco46_2024.parquet,548412,dfc0d3309dbbcbf8c348d03c6693d3cfeda51feb6fae4bb9171b2ba24a569225
ref_samples_eco473_2024.parquet,565898,a92cf4cfadc2f73e26ca9e3491f64ba52cfcb3ec966d40422a4721d1e2406bdf
ref_samples_eco477_2024.parquet,581358,7220454a085f113e507736d444b34f1082c628050f1af2e2494c795190620137
ref_samples_eco481_2024.parquet,661891,a71003fbe1c65851c2246980f8135695861226224436145ed11cffe43bbb2439
ref_samples_eco483_2024.parquet,669950,78e3645f51925c516f5356611e8ed627090cc850657b28e2559946fd2bf91222
ref_samples_eco484_2024.parquet,678700,8ecc9d0f5581e46f3a8952394da1b901fdee92dd5e2c343e07fc5b1e1b304f46
ref_samples_eco48_2024.parquet,542657,8490dcbf7bbcf4276d1f5867346b08a6529617b470d3d8831d61216c0b082b37
ref_samples_eco492_2024.parquet,523934,2511519aad6298ae2ee947fcd9f9c9544ec7a5219862ad2c4e1be35ac53ff73c
ref_samples_eco493_2024.parquet,601954,9cf1722078afbbef4af8882e97a7054908772242e6089dae1dc7363c85c0fad7
ref_samples_eco494_2024.parquet,568513,a88f1a5194c26c8f17849981fcdf1e3115e38968ff953298670cbce9832e8ff8
ref_samples_eco497_2024.parquet,674209,c5f5f315d25bc9641f5088d77c3341ffc4df3472d8cd74100d4044fa2c4ccfaa
ref_samples_eco500_2024.parquet,481687,4ff014ba0ff9bd182d14045619d00ec8c7407bb5a1592be9e4c599ce2c574d5d
ref_samples_eco503_2024.parquet,541164,fd378f9009b9621c9e4a38bd5ea2d31584bca82823c7c44765fcd7d60d48512b
ref_samples_eco505_2024.parquet,591230,869addcdd5920b343ec5df6c52db3bf14eed0fa8bd62e83d3b06ec4c7c6e3fa5
ref_samples_eco514_2024.parquet,518962,0a51ab399cd55a95d4e37805781c17ff23aac6eb2e0a475df7b0c8a74203d7bd
ref_samples_eco516_2024.parquet,547411,7cb5e10b2404b3070d81a286b3382de4222aac180ef23cd8238af888d0d5b43c
ref_samples_eco518_2024.parquet,658596,2f79bbc9adbf2f03c51afc059f510a5aca77c93ae9c04c65cb2766adb9b5dee3
ref_samples_eco519_2024.parquet,524153,5c0cbc77b44bdfb164a2fed93f320614ba543401c1174686e612bce39d817990
ref_samples_eco51_2024.parquet,555579,11d7e7f0cb3822dbdba329267e5b33c702b0f5f5233de1213e672dfc84910469
ref_samples_eco522_2024.parquet,527346,82495b241306c9180d4b5b0c483db39ad13f1e4a13b943780e81dd87a1288200
ref_samples_eco524_2024.parquet,666927,04b8489d17f97c4002519ea2611ec610f96238da7dfd62072c0f2e4b72022516
ref_samples_eco525_2024.parquet,597116,63c8c3ab84daba88ef386bc523b1edc5d64fe849e4b42155efcd0500ca78b54c
ref_samples_eco52_2024.parquet,563018,e3446b92868f379b5774ed7328399a745f554b1b2d048addbf4c097d3e1849bc
ref_samples_eco534_2024.parquet,531295,88365d91f12aa779a1977be591dd267acd8248e9eb56fe58a29c1b2bea916bff
ref_samples_eco539_2024.parquet,531619,6748abc74d2836d4a4bbdbd5b99ac6958eb81ff32836abc8259665e0fc67d54e
ref_samples_eco53_2024.parquet,568203,4e1cac82e98621da2071258ed65f80bae69578f06d6c4af883fdb8f6ff8feb6b
ref_samples_eco553_2024.parquet,705991,8047f44c52144ec85b3eac687883f150500544b572d7f6fff4b0f6c575ce0b59
ref_samples_eco55_2024.parquet,539108,e2b10ebd2bf35237be36e51daca11ba0c768b97b3f509b16d6b1220fb0c70467
ref_samples_eco563_2024.parquet,697928,c332e7a4df593c58d23dbb805ce668bd1c52018f6867f88025ad35f768d08eb4
ref_samples_eco567_2024.parquet,481077,b71596fc0ac2f100e9753a7cd7ce34d63bdaf53ec9402d8025c85a651798288d
ref_samples_eco569_2024.parquet,566944,49d0c258ea7c82ea3b6ffcd3976f4580ccd2708b25bf032d7a0b81bc13365961
ref_samples_eco571_2024.parquet,689367,547584e43be4f8e419f71ab7c900a0411e21c8863ff037d3dbb5663bf4d5c63d
ref_samples_eco572_2024.parquet,636459,fea566ee40c02f66eb91810d1df251543206f12f1f1b792b1a99db8f0d3587af
ref_samples_eco574_2024.parquet,482647,08ca9d1d664faf9daa3135d0fa87e32e93c40892765091faac6dcf0b33fdf388
ref_samples_eco575_2024.parquet,580512,c88481b4b47c4eb085b9929ce58172c1b8e1988c8be800f626682f2941f7f04f
ref_samples_eco576_2024.parquet,551127,190d58289c61b31addf4cc94c8c179aa2e30199434d9118f964ffccc3ef15ab1
ref_samples_eco577_2024.parquet,586613,b73ae88a81f7a1485a925e75942d03a315ad735d5da197516373507bb4910c1b
ref_samples_eco578_2024.parquet,559748,53c4b2c66ce8754f7a7e758c3cf1da31888ec7c40aeede247f1f57bdac072cba
ref_samples_eco57_2024.parquet,672528,ee8e53e3ee1949a14f685114ce581cd16ac1b5b7fe75bbdcd956e7b490a2a0a9
ref_samples_eco581_2024.parquet,557491,2b54101f267cbfe78bc018abbb276eb21862c87440e038ed107c875ddd0342c8
ref_samples_eco587_2024.parquet,709761,73d171e5bd8f5863daa592ef129ff37dd2b366699409cb430de3d30bbb55a28e
ref_samples_eco588_2024.parquet,624166,f267e37d818be44459081bd30ff7f06e3e1992b918f1daad3f27f9c5fd414a35
ref_samples_eco589_2024.parquet,629029,35482956430ad8fdd38172f4b683b19f05d07c5ad425ddbbf304fd8d8fb08496
ref_samples_eco58_2024.parquet,536562,3ae712dae132a824d2b535a4928ec70bdd2bdef0e7c5ad49276ec5f74d4d0539
ref_samples_eco596_2024.parquet,627113,b93de858eeb385b6f7ed03bbc851c7fde4c4b5435554f380e16021cda0edd5df
ref_samples_eco598_2024.parquet,559325,ebb10a3b78f7e334d4f223a37c23ba1fae7438bcd11ec1b987b414392bf37310
ref_samples_eco603_2024.parquet,608232,9e2fbbf5ce6b327b2042d846788341b50bd879072ac1dd984aa5e68b2ffdf772
ref_samples_eco606_2024.parquet,576086,5a07a020a8e1512455005189703ed516c4c747018fba25275982d069eb4d1290
ref_samples_eco608_2024.parquet,581246,423a96bfdb4f9d74896148e02f8b8e5c079d018ee8d656c56b1665812eebdf4d
ref_samples_eco610_2024.parquet,527081,301492a0f14e43e5b8cd3cdd7135047d2b41c7accbaa90a706feb6d4c01c6fdc
ref_samples_eco611_2024.parquet,488389,d98a38982aa618caba14354b13832a76030bcffcd7c708090301199500d8ffbf
ref_samples_eco612_2024.parquet,730054,9a404d35bb9677cb65227040a17316ab6c1f68404c23b906df8327442d92ad57
ref_samples_eco613_2024.parquet,626202,8fc56834211e3e3752d434a56ed62e176bded739a5f8c1f1252e1f3d4a87b0d8
ref_samples_eco614_2024.parquet,694373,54f1727c63c0b521c288dc0d08c9668ac42cf57d8b72c1a58e3ed21f5122c0c3
ref_samples_eco615_2024.parquet,733666,e41c7df7bddec20e2fbf25a50a3fab44392fa347349a9e439257281b5686b50b
ref_samples_eco616_2024.parquet,484221,72e88c188a4c21692cb829b9f9a92646817e8128f971961711d438d96e4c6ba9
ref_samples_eco617_2024.parquet,698335,4ad583dd1e96295bebbc2d52c72220ea575a30bf2e8d04c481aff549908259ff
ref_samples_eco61_2024.parquet,470918,7a1009c5ba217838546c659a43420949daaac72273025dcb001d18aedf717292
ref_samples_eco62_2024.parquet,473157,dd58d842b977cc2c070e8024635859ce71bbdf5e566f6fd1ec6a8173712e7dea
ref_samples_eco63_2024.parquet,629371,bd71d09eadad7c8bfb0b52f37cf0bcce4d15b0a1925a553b8e935f24075553a7
ref_samples_eco642_2024.parquet,702010,0b83621385de4e261f2aba58bf4fadcacb936683628ae8407cec26fdff602d0c
ref_samples_eco643_2024.parquet,484913,74b9657553200a443e976c61529f47baf51acc6df27ba8688ca6e4998d8c24be
ref_samples_eco651_2024.parquet,641624,d7faadb605e7eaa09e0cb84bfbb9170f6e9c588cfd3c528b932d3daa40f83f10
ref_samples_eco653_2024.parquet,489075,6d0b2a5c13b983f485dbe6749a963225e384266f47a53463a224161c404548fc
ref_samples_eco654_2024.parquet,583284,abae5bd01e6b3b839270186469e6356617a476c22b0a215fb1cfc59e36de8184
ref_samples_eco656_2024.parquet,706032,7a5a0334e38d1767cf787f9139f9ff114e9d9fa80fcb3ac6a0cc0c4e061a8be1
ref_samples_eco657_2024.parquet,486725,d63c717ce91114aaf3eadc97c062b59fb867d258c6bb83fd2197dba85f26f50f
ref_samples_eco659_2024.parquet,652845,6812b73bb5931477fa20bd29a12afee7231b3283995013d5d5ebd8df288fc14b
ref_samples_eco65_2024.parquet,596109,571e3b1eb1c59f30a888996f54318ba8442be0c80febea3b3b797136cb336fd8
ref_samples_eco661_2024.parquet,592475,a419de9bbb9f3bea5cb433ce5b7988d6a4788712ffad589769bf128799ffd2fc
ref_samples_eco664_2024.parquet,618859,c5dfe1c2486a2c5118144a901d64787e67e808a361cc703e4f4a7285070ff407
ref_samples_eco665_2024.parquet,733973,02c5bb7e9abc240ca912bfb99af5711c80608e411594217786b23e44d71b8aea
ref_samples_eco667_2024.parquet,484092,e8e65897b94b008861d3c8ce7e5b07481e3acc525d7cc67dfadabc2037ddc5a2
ref_samples_eco669_2024.parquet,597983,006ef681f3b365ae92fb2b553285ec999ad9c60f94df6521e11f733597efa976
ref_samples_eco66_2024.parquet,600713,ab044f841053f975e53d545f30ed7604b4ee9d22a983ced38789212c64cee074
ref_samples_eco673_2024.parquet,615672,811e7da32b40132193f6d670548700124ce22b23d3ad7fecf70842fb486c1587
ref_samples_eco674_2024.parquet,679195,2e1c857e8f31c4e4e42d2c3d84bb97885b2d8864d5623b91890b9d6249f35ce7
ref_samples_eco675_2024.parquet,575593,ea0f33993cc5bb8fd84da7b0b637edb2de54cfefbf9eb2b87e0da72b7017ce8d
ref_samples_eco679_2024.parquet,542391,6d2f176454a96b12a2ad77476171815fe5d4eb0d8808a5920449fec0e5083800
ref_samples_eco680_2024.parquet,459085,b0beee2d265595a68230ba5e34cca811ad321e4343e825d214fa5fbbf86e1d3e
ref_samples_eco683_2024.parquet,706021,8fda62ddfbc1782cd6182d5a070257bac885068989633eed0ad50c69a85b73aa
ref_samples_eco685_2024.parquet,656787,de490e66b1a544c0434eae0c8b77c8e2ba3caa5aee17c36f3f87c5fbff785005
ref_samples_eco686_2024.parquet,562069,15ec983338e88cadd77518dd5f181ba5093bf455350b56625d5af36c250d7798
ref_samples_eco687_2024.parquet,678215,fcffbbd5fe84cadc76fa6cd05cba8406459ceb48801d91c6aae8df6106a40c65
ref_samples_eco692_2024.parquet,701116,2af2cb491c9045674bf866743262c229d9a0f30564fe65668ea2fb4b9011f781
ref_samples_eco696_2024.parquet,570575,cfbd5a5abae27034640e5a7a30af4dc36a0f20b37c640038fce9ecc48ddbbe75
ref_samples_eco707_2024.parquet,632724,1ee1475375b00183efd6980e29905bd54cd58f9d397b6a41967623bc470d8a70
ref_samples_eco714_2024.parquet,564851,2180813131376c9298be7742a02bcc0b1fd9b518cee5506e4d02d0c87de9fd8d
ref_samples_eco715_2024.parquet,474477,922178bdf0db2345c0b29fbd60fff1c5cb90c16d0b269b34a87b703b3553aa70
ref_samples_eco717_2024.parquet,465108,967bb7126c398eea1f61bac6939dead7c2c92e32f56117b84886ba92cfcaa0d9
ref_samples_eco718_2024.parquet,479510,a5a1f97086974279979618f88abc5a12f9110659c39c58c8e53bca28f0bebbaa
ref_samples_eco719_2024.parquet,470008,968e6b171011040bd0b99d0ad8b0ace7d45b0dc5cb7ef09b9efca1ab48c9697a
ref_samples_eco720_2024.parquet,475632,39718248214ed153f9d6a745bc1678e886ad5b289a2da963e21c3563b133c189
ref_samples_eco721_2024.parquet,639126,437f060a9709e2d101e2dbd3889e921eb0142750a3235654f1beae64c7eff485
ref_samples_eco727_2024.parquet,686019,ecd5302956c9147e236dd61ac5675259569c7fac34e8da362a706962e7a00641
ref_samples_eco72_2024.parquet,568796,d0b910c808538cf6b8c4f560726a5c9b63053d80a5d39935eb30c624b134d3ae
ref_samples_eco730_2024.parquet,718806,5d52e9d1d78ad669db7f58fb9e1564231c06d4b8745b11365c22ba5747933398
ref_samples_eco731_2024.parquet,478946,81fbd3c0393a32c051d50591a967e79a6738e88802f780baf7f2d4dba4540355
ref_samples_eco732_2024.parquet,539991,5431ce8530dc5a5834ca9a6207b9830e1a6bb8b8f084b6738c1c916604cecbc9
ref_samples_eco733_2024.parquet,624544,510e213bd00db9f143c5a51bf48de983c12e3b5b2fda565e6a1917d546500af1
ref_samples_eco734_2024.parquet,488763,e36ebd434856903f2d1db62155675eceb239947e3ac0de9ebab888330d586f77
ref_samples_eco735_2024.parquet,503440,0cbe7dc5c39cff326d5b32cc4f96ee77713e9bbc8399f9bc9831c4e9ce150ebc
ref_samples_eco738_2024.parquet,666726,dcb4142744f22e1ea83dc93201947d65fbcbe1a785a9deffdbd1023251121681
ref_samples_eco740_2024.parquet,702162,7d3912eba151d98a78c0dbcf0154458c6ae4ca2b8961bd159ad002a36cd9041c
ref_samples_eco742_2024.parquet,515736,d96bbd93b75e2cc67b8535a40892ceb508dd86553db885e76f2c1acbf7f8e55a
ref_samples_eco744_2024.parquet,474668,12022eaf91b9cc657627bf194fccca48586c403f4310ee2527e70cfae54e9f90
ref_samples_eco746_2024.parquet,539629,66adf01d4f745ef6b259c0e377a4848d211e06b57b9567b4cf1dcfa2e138f8e9
ref_samples_eco750_2024.parquet,555527,269c897fd1dab1e2e41e922edd63175a25603917a42e95be34a1d10415421312
ref_samples_eco754_2024.parquet,680434,3de793c7665d325ff84b56f5bca04c5dd6aad153be84288ec0a0b08c8b37a31a
ref_samples_eco761_2024.parquet,472913,4887f825ee0167552b23ce3ee1e3b3c020480a30cf7043f6abaf27995523e12d
ref_samples_eco762_2024.parquet,530767,1708453b8805d35a5642ddbf9f310689d7e339aa68690bcfdf0d201f698c782d
ref_samples_eco765_2024.parquet,486829,b87dd75ffabc10b99c3e12276e1fb8b374ed53f2619dd9e77b106e6156c110d5
ref_samples_eco767_2024.parquet,593837,b0b573f21deb11c2392b56eefac2d3df25c543283139a6f357dd945166af707a
ref_samples_eco768_2024.parquet,526108,ded7cde8f5f975942af1aaaa04503214dbb3a59f1717dad5e719bee19fca72aa
ref_samples_eco769_2024.parquet,610771,bc22536de9a661f45a1527127b8d59f8ad2543a18eb6d035ceb17b2c578697a2
ref_samples_eco76_2024.parquet,645513,63de2540d6822f8fa8422558be1c93df136c5e7f114a048391d06dfd50de087b
ref_samples_eco776_2024.parquet,535576,042f495b49a97d8a22302f084f594bf612fd094668ad5b632ada675490bce4bf
ref_samples_eco780_2024.parquet,590908,7c3f002709cccb35209ee8bdb036986abacb5526f1bc26600effd079dcca4c96
ref_samples_eco781_2024.parquet,512021,80a4f795ad9c4d6484af790adf1102e253f7696bd0953a9badcf3c3330f2ad54
ref_samples_eco784_2024.parquet,488104,0af6f1c4fe7e178944136cdffcc3d7905f77625e55eb8db34cb04aa91a093be1
ref_samples_eco785_2024.parquet,725049,4d3a8d02934152d9682482df73f660f6f6d64acb3f19f64049afd9301fac9593
ref_samples_eco786_2024.parquet,597934,032dae879adb24de35f64e89ae2d8397a17ebe7cf83ed6c166a306d0cabbb671
ref_samples_eco787_2024.parquet,468209,74b3f8a02f574e8693033e02c0a676b0464999790cb6671d63120534e458f3a2
ref_samples_eco789_2024.parquet,605083,9cbd82fa6c62117242af003bc56c946d388080285177735dfcfb642d4316afab
ref_samples_eco791_2024.parquet,664576,56b0496c043a0f209953a0e306dc1bf5e45c996926014fb210dc6a9a3b9be2a7
ref_samples_eco793_2024.parquet,496574,9479b4e3dc08803b481db11aeb3c43c40287e91ddd313b1086b6b8cc8a5fa122
ref_samples_eco794_2024.parquet,711046,01837157ebaf2148655ef8f05ab0de480a58de102edcd542976bc941828722d6
ref_samples_eco795_2024.parquet,698952,c7f932c2b3efdf4c1ffd822eb2e4f61fd77fe5ddf35f9392c732244b78e235ba
ref_samples_eco796_2024.parquet,665587,eda974feefe834101f11982d1e19ca56660484af9593acf99a262e8d1f209620
ref_samples_eco797_2024.parquet,559822,410641f4285b259e0edaad3663f3faea87893381b534ae1fd74aefe594ae697d
ref_samples_eco798_2024.parquet,501911,a1176f53c9e64bc0fa7a4f44241d1387b9f073ae44f5b130263560c767f9c051
ref_samples_eco799_2024.parquet,689155,572d173b05ef2db038b1c19647e8a0b1d689981d80988ddbc2df0460150dda09
ref_samples_eco79_2024.parquet,610661,1d601351fab55bb8d29ab866fcd6441ee6f565d505d8fea7db330f8d12fc0563
ref_samples_eco800_2024.parquet,523901,fc883f87551994977445eebc252cbdbfef78e37ca0664097626c68ba42a1bfd3
ref_samples_eco804_2024.parquet,733025,0cc4a8a4cb9cf206cd1eb8f7d4fb53443b4ad5d56a7e9375b92f2dd3322ec74f
ref_samples_eco806_2024.parquet,609157,517f94c60567203117912725ac0f0b505cd68fdd69721e28b81452a3dad3b324
ref_samples_eco808_2024.parquet,485740,b36f8836119fd9ed3860d6c707a9aebacf79fab7aaaf29ef81528d96e76ba3b8
ref_samples_eco809_2024.parquet,554852,2924bb77bb2db8c065a55f73f6c7ee99d37ebdada0fcedda97464b66ff2d91ee
ref_samples_eco810_2024.parquet,537137,515f48d568f8422fd2c25b664888c944e03d807d6679604ddec42a4304e4868b
ref_samples_eco811_2024.parquet,470356,95d8cc9e407500a8dbcaf22bb5131a21115aebfa971ac545833d9423e5485d2d
ref_samples_eco812_2024.parquet,506934,da93c9ff4a4fd2cd3627c8fce12644da098ede4978c1152ace640b7ffe9a5fc7
ref_samples_eco816_2024.parquet,708556,5119d5b47111a7212408021ad30f66ae437d97bfcd3465d9c9ce628ddd8395da
ref_samples_eco817_2024.parquet,538549,4f509d0fa0feb185af30fe2fc90c181ad7bbac2a67d115ccb15d99c9378bb0e4
ref_samples_eco818_2024.parquet,602098,bf1d21d53f09d5c01f9833ba503885d762010d3debf1c08dabbba5745b164a32
ref_samples_eco819_2024.parquet,554783,20314dd1110a7a81c38b97511b1556b1d13d33c7a21ae2bb4b3a8474d5b7a7df
ref_samples_eco81_2024.parquet,475530,b45bd2d4a075d1fcf7bfcdcccf7742233d06e1113b872fbd18a6af8aa4342639
ref_samples_eco820_2024.parquet,492394,1e3a8263da93057b8b9b0cec249e058ef2c3237c56155e002eece6f232eb5855
ref_samples_eco822_2024.parquet,815300,562b4af38dfbc8dfe7d1ce21ec8029fb91098acba044d817c736057abbdb4f4d
ref_samples_eco824_2024.parquet,683653,8ddf73e1e3ba7d34dcc682f096bcfbfab109eb3db268c76d7ad8295bc33847b8
ref_samples_eco827_2024.parquet,646383,9543a3fbed39ff6d0b32c09b96d81582f47148e7bb37686225ec377c1d5d96aa
ref_samples_eco830_2024.parquet,656498,5d1734d2ded5bd29251b4f2b2ba41369a06c4eb1f7e50055f46414ffb4d9c7a2
ref_samples_eco831_2024.parquet,595969,1ac4044ee6b31c361a9381902c3f24dbd31d6363a6e0f9eea9908c4bdee66a68
ref_samples_eco833_2024.parquet,578608,1a35d920b7f179378592c20cf30370434012816c2416e77a4657851d468fc091
ref_samples_eco835_2024.parquet,736725,37ce235a12344cc6c3aa60ceb87bb1d7ff73e5e14b5db0e4b3bb308ec4936b87
ref_samples_eco837_2024.parquet,494549,b06dcdf9e1e9a5e998e3d3280276b2d71941c3764416e00023410095482f37e5
ref_samples_eco841_2024.parquet,585369,d7cc943205d79ca4c3dbbd225d2b37fd775c7af4765f410b1111c83b12561f4e
ref_samples_eco842_2024.parquet,536043,55f32a662bd837fe2a83eaa5090add7176ea697ddcebae7646db34a3f7c498eb
ref_samples_eco843_2024.parquet,491276,a0ed15b8fe77560af9c00cfb2876c398f337954427629ba0d745f60ef787a41e
ref_samples_eco89_2024.parquet,476885,8f46eea940094e1edd1d1fb5c8c2b2232454966bd8a39df15bc9d3737fecab7a
ref_samples_eco90_2024.parquet,467209,2cbda6b256c104b8f253c474f5a80eba2dc1a9e4a1b627ececeb670486657e26
ref_samples_eco97_2024.parquet,469460,1e3ce4fc4bfd0d8c86ba66cf47e3d4aa08adfd97675879e37d8dfab239b73069
