parent_id,parent_label,probe_state,score_median,score_knn,t_med,t_knn,category_baseline,category_step1_calibrated_t,category_step2_deadband,category_step3_deadband_effect,category_step4_knn
00000000000000000085,built_loss,good,0.4877681076052138,0.492655200492783,0.472783519667577,0.49294976570243304,degraded,recovering,indistinguishable,indistinguishable,indistinguishable
00000000000000000085,built_loss,bad,0.4783726913929167,0.5039171692583482,0.472783519667577,0.49294976570243304,degraded,recovering,indistinguishable,indistinguishable,indistinguishable
00000000000000000114,built_loss,good,0.4840174773372574,0.5184776870511797,0.472783519667577,0.49294976570243304,degraded,recovering,indistinguishable,indistinguishable,indistinguishable
00000000000000000114,built_loss,bad,0.46141978739151135,0.49803715173589524,0.472783519667577,0.49294976570243304,degraded,degraded,indistinguishable,indistinguishable,indistinguishable
0000000000000000024c,built_loss,good,0.4994535907717628,0.5243439009802541,0.472783519667577,0.49294976570243304,indistinguishable,recovering,indistinguishable,indistinguishable,indistinguishable
0000000000000000024c,built_loss,bad,0.47488756259603054,0.5000170494434082,0.472783519667577,0.49294976570243304,degraded,recovering,indistinguishable,indistinguishable,indistinguishable
00000000000000000375,built_loss,good,0.4984441760795563,0.5362619047265613,0.472783519667577,0.49294976570243304,indistinguishable,recovering,indistinguishable,indistinguishable,indistinguishable
00000000000000000375,built_loss,bad,0.45593120255254227,0.506982785662341,0.472783519667577,0.49294976570243304,degraded,degraded,indistinguishable,indistinguishable,indistinguishable
000000000000000004d2,built_loss,good,0.49709464120795727,0.49584157895378106,0.472783519667577,0.49294976570243304,degraded,recovering,indistinguishable,indistinguishable,indistinguishable
000000000000000004d2,built_loss,bad,0.481558975389614,0.48914361808125256,0.472783519667577,0.49294976570243304,degraded,recovering,indistinguishable,indistinguishable,indistinguishable
000000000000000005bd,built_loss,good,0.5051063875056078,0.5299506808970439,0.472783519667577,0.49294976570243304,recovering,recovering,indistinguishable,indistinguishable,indistinguishable
000000000000000005bd,built_loss,bad,0.4944881247766382,0.4503787683023793,0.472783519667577,0.49294976570243304,degraded,recovering,indistinguishable,indistinguishable,indistinguishable
00000000000000000281,crop_loss,good,0.49096902229626593,0.5032755113879249,0.472783519667577,0.49294976570243304,degraded,recovering,indistinguishable,indistinguishable,indistinguishable
00000000000000000281,crop_loss,bad,0.49037519076129005,0.5022232354635051,0.472783519667577,0.49294976570243304,degraded,recovering,indistinguishable,indistinguishable,indistinguishable
000000000000000003a2,crop_loss,good,0.5003086648262455,0.48913988948896686,0.472783519667577,0.49294976570243304,indistinguishable,recovering,indistinguishable,indistinguishable,indistinguishable
000000000000000003a2,crop_loss,bad,0.4986853923225369,0.48310447940805185,0.472783519667577,0.49294976570243304,degraded,recovering,indistinguishable,indistinguishable,indistinguishable
00000000000000000001,built_loss,good,0.5066445404104681,0.5199851632299813,0.472783519667577,0.49294976570243304,recovering,recovering,indistinguishable,indistinguishable,indistinguishable
00000000000000000001,built_loss,bad,0.4899630838696604,0.5061039445729621,0.472783519667577,0.49294976570243304,degraded,recovering,indistinguishable,indistinguishable,indistinguishable
00000000000000000049,built_loss,good,0.4883628518871986,0.6091592528527752,0.472783519667577,0.49294976570243304,degraded,recovering,indistinguishable,indistinguishable,recovering
00000000000000000049,built_loss,bad,0.47062029848539383,0.5691923546048495,0.472783519667577,0.49294976570243304,degraded,indistinguishable,indistinguishable,indistinguishable,indistinguishable
0000000000000000004f,built_loss,good,0.5018984894708968,0.4975583325619882,0.472783519667577,0.49294976570243304,recovering,recovering,indistinguishable,indistinguishable,indistinguishable
0000000000000000004f,built_loss,bad,0.49191744417904637,0.4968230811234162,0.472783519667577,0.49294976570243304,degraded,recovering,indistinguishable,indistinguishable,indistinguishable
0000000000000000005a,built_loss,good,0.4919010092706544,0.5253298171506009,0.472783519667577,0.49294976570243304,degraded,recovering,indistinguishable,indistinguishable,indistinguishable
0000000000000000005a,built_loss,bad,0.4695664369368036,0.49636507565833765,0.472783519667577,0.49294976570243304,degraded,degraded,indistinguishable,indistinguishable,indistinguishable
00000000000000000079,built_loss,good,0.46877365421535583,0.48525018829176403,0.472783519667577,0.49294976570243304,degraded,degraded,indistinguishable,indistinguishable,indistinguishable
00000000000000000079,built_loss,bad,0.45856141602845757,0.46501089793400974,0.472783519667577,0.49294976570243304,degraded,degraded,indistinguishable,indistinguishable,indistinguishable
00000000000000000087,built_loss,good,0.48254908937332525,0.5565800990467318,0.472783519667577,0.49294976570243304,degraded,recovering,indistinguishable,indistinguishable,indistinguishable
00000000000000000087,built_loss,bad,0.47559622599253787,0.5057537607778552,0.472783519667577,0.49294976570243304,degraded,recovering,indistinguishable,indistinguishable,indistinguishable
000000000000000000a1,built_loss,good,0.4923921427616897,0.49604613287303984,0.472783519667577,0.49294976570243304,degraded,recovering,indistinguishable,indistinguishable,indistinguishable
000000000000000000a1,built_loss,bad,0.47326774987808035,0.47435942521514973,0.472783519667577,0.49294976570243304,degraded,indistinguishable,indistinguishable,indistinguishable,indistinguishable
000000000000000000b8,built_loss,good,0.4961650189780934,0.5384536467494488,0.472783519667577,0.49294976570243304,degraded,recovering,indistinguishable,indistinguishable,indistinguishable
000000000000000000b8,built_loss,bad,0.456341464495476,0.42830684667056856,0.472783519667577,0.49294976570243304,degraded,degraded,indistinguishable,indistinguishable,indistinguishable
000000000000000000c0,built_loss,good,0.49689105709749093,0.5348318608776604,0.472783519667577,0.49294976570243304,degraded,recovering,indistinguishable,indistinguishable,indistinguishable
000000000000000000c0,built_loss,bad,0.45879502316810294,0.4766568580165626,0.472783519667577,0.49294976570243304,degraded,degraded,indistinguishable,indistinguishable,indistinguishable
000000000000000000e2,built_loss,good,0.49886280115750226,0.6069760708119643,0.472783519667577,0.49294976570243304,degraded,recovering,indistinguishable,indistinguishable,recovering
000000000000000000e2,built_loss,bad,0.4766073553331298,0.42077743389892214,0.472783519667577,0.49294976570243304,degraded,recovering,indistinguishable,indistinguishable,indistinguishable
000000000000000000f0,built_loss,good,0.47323128879012555,0.44706484139495173,0.472783519667577,0.49294976570243304,degraded,indistinguishable,indistinguishable,indistinguishable,indistinguishable
000000000000000000f0,built_loss,bad,0.4650802522222198,0.4491989329994061,0.472783519667577,0.49294976570243304,degraded,degraded,indistinguishable,indistinguishable,indistinguishable
000000000000000000f8,built_loss,good,0.48328440916002025,0.5303053963910457,0.472783519667577,0.49294976570243304,degraded,recovering,indistinguishable,indistinguishable,indistinguishable
000000000000000000f8,built_loss,bad,0.4753302947321083,0.5221485687748584,0.472783519667577,0.49294976570243304,degraded,recovering,indistinguishable,indistinguishable,indistinguishable
0000000000000000011c,built_loss,good,0.4951162389850108,0.5413165021701948,0.472783519667577,0.49294976570243304,degraded,recovering,indistinguishable,indistinguishable,indistinguishable
0000000000000000011c,built_loss,bad,0.46522955609388383,0.484831926748823,0.472783519667577,0.49294976570243304,degraded,degraded,indistinguishable,indistinguishable,indistinguishable
00000000000000000161,built_loss,good,0.49100740048519714,0.5264462598208566,0.472783519667577,0.49294976570243304,degraded,recovering,indistinguishable,indistinguishable,indistinguishable
00000000000000000161,built_loss,bad,0.4663360475652792,0.4728765849643802,0.472783519667577,0.49294976570243304,degraded,degraded,indistinguishable,indistinguishable,indistinguishable
0000000000000000016a,built_loss,good,0.4999300840103087,0.6122852041017209,0.472783519667577,0.49294976570243304,indistinguishable,recovering,indistinguishable,indistinguishable,recovering
0000000000000000016a,built_loss,bad,0.4899992263474611,0.4401201225113088,0.472783519667577,0.49294976570243304,degraded,recovering,indistinguishable,indistinguishable,indistinguishable
00000000000000000176,built_loss,good,0.4986400269444285,0.5646312715836866,0.472783519667577,0.49294976570243304,degraded,recovering,indistinguishable,indistinguishable,indistinguishable
00000000000000000176,built_loss,bad,0.47210976503694063,0.4761614083248425,0.472783519667577,0.49294976570243304,degraded,indistinguishable,indistinguishable,indistinguishable,indistinguishable
000000000000000001a8,built_loss,good,0.4766417512476144,0.49614216894623403,0.472783519667577,0.49294976570243304,degraded,recovering,indistinguishable,indistinguishable,indistinguishable
000000000000000001a8,built_loss,bad,0.4630212227381077,0.5131515617978804,0.472783519667577,0.49294976570243304,degraded,degraded,indistinguishable,indistinguishable,indistinguishable
000000000000000001cd,built_loss,good,0.4935477049349315,0.5648298799975179,0.472783519667577,0.49294976570243304,degraded,recovering,indistinguishable,indistinguishable,indistinguishable
000000000000000001cd,built_loss,bad,0.4640650190834488,0.4268359431154485,0.472783519667577,0.49294976570243304,degraded,degraded,indistinguishable,indistinguishable,indistinguishable
000000000000000001e5,built_loss,good,0.4950147020030983,0.5781332554816816,0.472783519667577,0.49294976570243304,degraded,recovering,indistinguishable,indistinguishable,recovering
000000000000000001e5,built_loss,bad,0.45731808856341366,0.4868878357130196,0.472783519667577,0.49294976570243304,degraded,degraded,indistinguishable,indistinguishable,indistinguishable
00000000000000000209,built_loss,good,0.46751985174361055,0.4734030766460079,0.472783519667577,0.49294976570243304,degraded,degraded,indistinguishable,indistinguishable,indistinguishable
00000000000000000209,built_loss,bad,0.4570021998517655,0.46862394133351987,0.472783519667577,0.49294976570243304,degraded,degraded,indistinguishable,indistinguishable,indistinguishable
00000000000000000231,built_loss,good,0.48277849537810946,0.48623472437867593,0.472783519667577,0.49294976570243304,degraded,recovering,indistinguishable,indistinguishable,indistinguishable
00000000000000000231,built_loss,bad,0.4685893644234036,0.4811146730663724,0.472783519667577,0.49294976570243304,degraded,degraded,indistinguishable,indistinguishable,indistinguishable
0000000000000000026d,built_loss,good,0.4874545323324759,0.4741855437988858,0.472783519667577,0.49294976570243304,degraded,recovering,indistinguishable,indistinguishable,indistinguishable
0000000000000000026d,built_loss,bad,0.46568364061986084,0.47144317107669537,0.472783519667577,0.49294976570243304,degraded,degraded,indistinguishable,indistinguishable,indistinguishable
00000000000000000278,built_loss,good,0.5042939707790681,0.5495761728958037,0.472783519667577,0.49294976570243304,recovering,recovering,indistinguishable,indistinguishable,indistinguishable
00000000000000000278,built_loss,bad,0.48344028781425635,0.5289366734927565,0.472783519667577,0.49294976570243304,degraded,recovering,indistinguishable,indistinguishable,indistinguishable
00000000000000000293,built_loss,good,0.48316749653120067,0.49081310217764007,0.472783519667577,0.49294976570243304,degraded,recovering,indistinguishable,indistinguishable,indistinguishable
00000000000000000293,built_loss,bad,0.4630620979015087,0.44612206162572543,0.472783519667577,0.49294976570243304,degraded,degraded,indistinguishable,indistinguishable,indistinguishable
00000000000000000316,built_loss,good,0.5012596246986415,0.7502451018671576,0.472783519667577,0.49294976570243304,recovering,recovering,indistinguishable,indistinguishable,recovering
00000000000000000316,built_loss,bad,0.4988839733365139,0.43882104253716764,0.472783519667577,0.49294976570243304,indistinguishable,recovering,indistinguishable,indistinguishable,indistinguishable
00000000000000000356,built_loss,good,0.4704316238124867,0.49098654800432895,0.472783519667577,0.49294976570243304,degraded,indistinguishable,indistinguishable,indistinguishable,indistinguishable
00000000000000000356,built_loss,bad,0.4721563978349206,0.4955341832918186,0.472783519667577,0.49294976570243304,degraded,indistinguishable,indistinguishable,indistinguishable,indistinguishable
00000000000000000362,built_loss,good,0.4834159369979955,0.5391033074505232,0.472783519667577,0.49294976570243304,degraded,recovering,indistinguishable,indistinguishable,indistinguishable
00000000000000000362,built_loss,bad,0.47586406537583786,0.5010191150666893,0.472783519667577,0.49294976570243304,degraded,recovering,indistinguishable,indistinguishable,indistinguishable
00000000000000000363,built_loss,good,0.49373018083248565,0.5297823146651887,0.472783519667577,0.49294976570243304,degraded,recovering,indistinguishable,indistinguishable,indistinguishable
00000000000000000363,built_loss,bad,0.46861138458318086,0.37704421951375805,0.472783519667577,0.49294976570243304,degraded,degraded,indistinguishable,indistinguishable,degraded
00000000000000000364,built_loss,good,0.49551308472411465,0.5370570479822827,0.472783519667577,0.49294976570243304,degraded,recovering,indistinguishable,indistinguishable,indistinguishable
00000000000000000364,built_loss,bad,0.46836188627707315,0.4764443726316756,0.472783519667577,0.49294976570243304,degraded,degraded,indistinguishable,indistinguishable,indistinguishable
00000000000000000380,built_loss,good,0.504056615357815,0.525467547771291,0.472783519667577,0.49294976570243304,recovering,recovering,indistinguishable,indistinguishable,indistinguishable
00000000000000000380,built_loss,bad,0.48504359144980136,0.5098815389324648,0.472783519667577,0.49294976570243304,degraded,recovering,indistinguishable,indistinguishable,indistinguishable
00000000000000000384,built_loss,good,0.47813068553039423,0.5100291295827992,0.472783519667577,0.49294976570243304,degraded,recovering,indistinguishable,indistinguishable,indistinguishable
00000000000000000384,built_loss,bad,0.4583996018397295,0.4379651517301425,0.472783519667577,0.49294976570243304,degraded,degraded,indistinguishable,indistinguishable,indistinguishable
0000000000000000039e,built_loss,good,0.5003199178106976,0.5353093439707846,0.472783519667577,0.49294976570243304,indistinguishable,recovering,indistinguishable,indistinguishable,indistinguishable
0000000000000000039e,built_loss,bad,0.4867225195133125,0.48518290283746285,0.472783519667577,0.49294976570243304,degraded,recovering,indistinguishable,indistinguishable,indistinguishable
000000000000000003a1,built_loss,good,0.47870947142803777,0.4900340760818579,0.472783519667577,0.49294976570243304,degraded,recovering,indistinguishable,indistinguishable,indistinguishable
000000000000000003a1,built_loss,bad,0.45274039826855683,0.4077074548296541,0.472783519667577,0.49294976570243304,degraded,degraded,indistinguishable,indistinguishable,degraded
000000000000000003a5,built_loss,good,0.4921002800343709,0.48755779647146713,0.472783519667577,0.49294976570243304,degraded,recovering,indistinguishable,indistinguishable,indistinguishable
000000000000000003a5,built_loss,bad,0.4706474269194283,0.4792357085599522,0.472783519667577,0.49294976570243304,degraded,indistinguishable,indistinguishable,indistinguishable,indistinguishable
000000000000000003b7,built_loss,good,0.5026022463917278,0.5707358379508359,0.472783519667577,0.49294976570243304,recovering,recovering,indistinguishable,indistinguishable,indistinguishable
000000000000000003b7,built_loss,bad,0.48485515548620695,0.530820581001092,0.472783519667577,0.49294976570243304,degraded,recovering,indistinguishable,indistinguishable,indistinguishable
000000000000000003bf,built_loss,good,0.4691688967611454,0.49731545236053804,0.472783519667577,0.49294976570243304,degraded,degraded,indistinguishable,indistinguishable,indistinguishable
000000000000000003bf,built_loss,bad,0.4557024510495559,0.474548087529885,0.472783519667577,0.49294976570243304,degraded,degraded,indistinguishable,indistinguishable,indistinguishable
000000000000000003d2,built_loss,good,0.4833214017706541,0.49132336455283493,0.472783519667577,0.49294976570243304,degraded,recovering,indistinguishable,indistinguishable,indistinguishable
000000000000000003d2,built_loss,bad,0.4641785457596583,0.49545742800280607,0.472783519667577,0.49294976570243304,degraded,degraded,indistinguishable,indistinguishable,indistinguishable
000000000000000003f8,built_loss,good,0.4959809823983246,0.5096182976508692,0.472783519667577,0.49294976570243304,degraded,recovering,indistinguishable,indistinguishable,indistinguishable
000000000000000003f8,built_loss,bad,0.47924013817764194,0.48919044223947494,0.472783519667577,0.49294976570243304,degraded,recovering,indistinguishable,indistinguishable,indistinguishable
000000000000000003fa,built_loss,good,0.4816021714349547,0.5399882033673459,0.472783519667577,0.49294976570243304,degraded,recovering,indistinguishable,indistinguishable,indistinguishable
000000000000000003fa,built_loss,bad,0.4614431904982424,0.44359107237730805,0.472783519667577,0.49294976570243304,degraded,degraded,indistinguishable,indistinguishable,indistinguishable
00000000000000000407,built_loss,good,0.4931318070557254,0.49925757085227934,0.472783519667577,0.49294976570243304,degraded,recovering,indistinguishable,indistinguishable,indistinguishable
00000000000000000407,built_loss,bad,0.4554119585093413,0.43661146917751603,0.472783519667577,0.49294976570243304,degraded,degraded,indistinguishable,indistinguishable,indistinguishable
0000000000000000040f,built_loss,good,0.4918600085748885,0.5178058934734201,0.472783519667577,0.49294976570243304,degraded,recovering,indistinguishable,indistinguishable,indistinguishable
0000000000000000040f,built_loss,bad,0.47102588691146713,0.41385696166683716,0.472783519667577,0.49294976570243304,degraded,degraded,indistinguishable,indistinguishable,indistinguishable
00000000000000000426,built_loss,good,0.4818280465712741,0.5176083334373488,0.472783519667577,0.49294976570243304,degraded,recovering,indistinguishable,indistinguishable,indistinguishable
00000000000000000426,built_loss,bad,0.4634001711367811,0.46267478013694624,0.472783519667577,0.49294976570243304,degraded,degraded,indistinguishable,indistinguishable,indistinguishable
0000000000000000042b,built_loss,good,0.4756201024687587,0.5048643389305472,0.472783519667577,0.49294976570243304,degraded,recovering,indistinguishable,indistinguishable,indistinguishable
0000000000000000042b,built_loss,bad,0.4598631974264615,0.46668059346810703,0.472783519667577,0.49294976570243304,degraded,degraded,indistinguishable,indistinguishable,indistinguishable
00000000000000000442,built_loss,good,0.5024595996778768,0.5345831824044303,0.472783519667577,0.49294976570243304,recovering,recovering,indistinguishable,indistinguishable,indistinguishable
00000000000000000442,built_loss,bad,0.48603706083586334,0.41982278321565236,0.472783519667577,0.49294976570243304,degraded,recovering,indistinguishable,indistinguishable,indistinguishable
00000000000000000465,built_loss,good,0.4903287533232248,0.5693537942805813,0.472783519667577,0.49294976570243304,degraded,recovering,indistinguishable,indistinguishable,indistinguishable
00000000000000000465,built_loss,bad,0.45318863099036605,0.4368531853048317,0.472783519667577,0.49294976570243304,degraded,degraded,indistinguishable,indistinguishable,indistinguishable
0000000000000000047e,built_loss,good,0.49410850076401464,0.4860382641344179,0.472783519667577,0.49294976570243304,degraded,recovering,indistinguishable,indistinguishable,indistinguishable
0000000000000000047e,built_loss,bad,0.4786456435618995,0.47783811089012096,0.472783519667577,0.49294976570243304,degraded,recovering,indistinguishable,indistinguishable,indistinguishable
00000000000000000490,built_loss,good,0.47346530184205177,0.5004791193318693,0.472783519667577,0.49294976570243304,degraded,indistinguishable,indistinguishable,indistinguishable,indistinguishable
00000000000000000490,built_loss,bad,0.45515687967687274,0.4854955019593877,0.472783519667577,0.49294976570243304,degraded,degraded,indistinguishable,indistinguishable,indistinguishable
000000000000000004c0,built_loss,good,0.49816053618827955,0.5186514183752692,0.472783519667577,0.49294976570243304,indistinguishable,recovering,indistinguishable,indistinguishable,indistinguishable
000000000000000004c0,built_loss,bad,0.4616209548586438,0.49080581187558125,0.472783519667577,0.49294976570243304,degraded,degraded,indistinguishable,indistinguishable,indistinguishable
000000000000000004c5,built_loss,good,0.49123004247332014,0.5197854518605038,0.472783519667577,0.49294976570243304,degraded,recovering,indistinguishable,indistinguishable,indistinguishable
000000000000000004c5,built_loss,bad,0.4652726181175423,0.44675646379073075,0.472783519667577,0.49294976570243304,degraded,degraded,indistinguishable,indistinguishable,indistinguishable
000000000000000004d9,built_loss,good,0.4773140984763323,0.5122327037123462,0.472783519667577,0.49294976570243304,degraded,recovering,indistinguishable,indistinguishable,indistinguishable
000000000000000004d9,built_loss,bad,0.4597409406415022,0.4920098655208884,0.472783519667577,0.49294976570243304,degraded,degraded,indistinguishable,indistinguishable,indistinguishable
000000000000000004eb,built_loss,good,0.49527741039893775,0.5329141231746195,0.472783519667577,0.49294976570243304,degraded,recovering,indistinguishable,indistinguishable,indistinguishable
000000000000000004eb,built_loss,bad,0.45846699677752517,0.4934208300259162,0.472783519667577,0.49294976570243304,degraded,degraded,indistinguishable,indistinguishable,indistinguishable
000000000000000004f7,built_loss,good,0.49394485328384546,0.5354390269189916,0.472783519667577,0.49294976570243304,degraded,recovering,indistinguishable,indistinguishable,indistinguishable
000000000000000004f7,built_loss,bad,0.4690567302837365,0.4571713893200727,0.472783519667577,0.49294976570243304,degraded,degraded,indistinguishable,indistinguishable,indistinguishable
000000000000000004fe,built_loss,good,0.49775788200020926,0.4756920610725086,0.472783519667577,0.49294976570243304,degraded,recovering,indistinguishable,indistinguishable,indistinguishable
000000000000000004fe,built_loss,bad,0.47255303447385993,0.43967325889554976,0.472783519667577,0.49294976570243304,degraded,indistinguishable,indistinguishable,indistinguishable,indistinguishable
0000000000000000051d,built_loss,good,0.49982266875426457,0.5960835273510934,0.472783519667577,0.49294976570243304,indistinguishable,recovering,indistinguishable,indistinguishable,recovering
0000000000000000051d,built_loss,bad,0.49489827550100607,0.38226957292830754,0.472783519667577,0.49294976570243304,degraded,recovering,indistinguishable,indistinguishable,degraded
00000000000000000559,built_loss,good,0.4794120256235879,0.5100093975160906,0.472783519667577,0.49294976570243304,degraded,recovering,indistinguishable,indistinguishable,indistinguishable
00000000000000000559,built_loss,bad,0.46209176447494243,0.47371883609186516,0.472783519667577,0.49294976570243304,degraded,degraded,indistinguishable,indistinguishable,indistinguishable
00000000000000000576,built_loss,good,0.5016562883414039,0.5522365764874005,0.472783519667577,0.49294976570243304,recovering,recovering,indistinguishable,indistinguishable,indistinguishable
00000000000000000576,built_loss,bad,0.47886686614357643,0.3467890372937039,0.472783519667577,0.49294976570243304,degraded,recovering,indistinguishable,indistinguishable,degraded
00000000000000000577,built_loss,good,0.5001888790858824,0.5425456739683456,0.472783519667577,0.49294976570243304,indistinguishable,recovering,indistinguishable,indistinguishable,indistinguishable
00000000000000000577,built_loss,bad,0.4796647328888263,0.3854440311619602,0.472783519667577,0.49294976570243304,degraded,recovering,indistinguishable,indistinguishable,degraded
0000000000000000057f,built_loss,good,0.5038053622426267,0.4978949766416124,0.472783519667577,0.49294976570243304,recovering,recovering,indistinguishable,indistinguishable,indistinguishable
0000000000000000057f,built_loss,bad,0.48938495681121047,0.46576313162515265,0.472783519667577,0.49294976570243304,degraded,recovering,indistinguishable,indistinguishable,indistinguishable
00000000000000000594,built_loss,good,0.49989631959791275,0.5808027412612128,0.472783519667577,0.49294976570243304,indistinguishable,recovering,indistinguishable,indistinguishable,recovering
00000000000000000594,built_loss,bad,0.4951132687239115,0.3813374706873667,0.472783519667577,0.49294976570243304,degraded,recovering,indistinguishable,indistinguishable,degraded
000000000000000005ad,built_loss,good,0.5045961093527459,0.5329910152702629,0.472783519667577,0.49294976570243304,recovering,recovering,indistinguishable,indistinguishable,indistinguishable
000000000000000005ad,built_loss,bad,0.4637991474606178,0.45541746149377577,0.472783519667577,0.49294976570243304,degraded,degraded,indistinguishable,indistinguishable,indistinguishable
000000000000000005bf,built_loss,good,0.49292677140432706,0.5325580497534653,0.472783519667577,0.49294976570243304,degraded,recovering,indistinguishable,indistinguishable,indistinguishable
000000000000000005bf,built_loss,bad,0.4641844549917558,0.46977259906744445,0.472783519667577,0.49294976570243304,degraded,degraded,indistinguishable,indistinguishable,indistinguishable
000000000000000005cc,built_loss,good,0.5038758107885182,0.4907676899119044,0.472783519667577,0.49294976570243304,recovering,recovering,indistinguishable,indistinguishable,indistinguishable
000000000000000005cc,built_loss,bad,0.4684893658961704,0.5141125586309058,0.472783519667577,0.49294976570243304,degraded,degraded,indistinguishable,indistinguishable,indistinguishable
000000000000000005de,built_loss,good,0.48960332261731443,0.4949666524843662,0.472783519667577,0.49294976570243304,degraded,recovering,indistinguishable,indistinguishable,indistinguishable
000000000000000005de,built_loss,bad,0.4611279437687006,0.44052250165629153,0.472783519667577,0.49294976570243304,degraded,degraded,indistinguishable,indistinguishable,indistinguishable
000000000000000005e7,built_loss,good,0.49070813846248684,0.506127776678888,0.472783519667577,0.49294976570243304,degraded,recovering,indistinguishable,indistinguishable,indistinguishable
000000000000000005e7,built_loss,bad,0.46950622083851856,0.4918907703682952,0.472783519667577,0.49294976570243304,degraded,degraded,indistinguishable,indistinguishable,indistinguishable
000000000000000005f9,built_loss,good,0.49111152357748317,0.5268757701023032,0.472783519667577,0.49294976570243304,degraded,recovering,indistinguishable,indistinguishable,indistinguishable
000000000000000005f9,built_loss,bad,0.46768643486082323,0.5200810111871267,0.472783519667577,0.49294976570243304,degraded,degraded,indistinguishable,indistinguishable,indistinguishable
0000000000000000061c,built_loss,good,0.49866084883414674,0.5231042946289756,0.472783519667577,0.49294976570243304,degraded,recovering,indistinguishable,indistinguishable,indistinguishable
0000000000000000061c,built_loss,bad,0.4804856377541173,0.4482398774271358,0.472783519667577,0.49294976570243304,degraded,recovering,indistinguishable,indistinguishable,indistinguishable
00000000000000000624,built_loss,good,0.49270020651748114,0.4914080971942542,0.472783519667577,0.49294976570243304,degraded,recovering,indistinguishable,indistinguishable,indistinguishable
00000000000000000624,built_loss,bad,0.4680624346731732,0.47391727269819955,0.472783519667577,0.49294976570243304,degraded,degraded,indistinguishable,indistinguishable,indistinguishable
00000000000000000626,built_loss,good,0.49435264313663035,0.5678376799885075,0.472783519667577,0.49294976570243304,degraded,recovering,indistinguishable,indistinguishable,indistinguishable
00000000000000000626,built_loss,bad,0.4741271835403861,0.4251369662937771,0.472783519667577,0.49294976570243304,degraded,recovering,indistinguishable,indistinguishable,indistinguishable
0000000000000000062a,built_loss,good,0.4949850315888394,0.514126551131967,0.472783519667577,0.49294976570243304,degraded,recovering,indistinguishable,indistinguishable,indistinguishable
0000000000000000062a,built_loss,bad,0.46407936758781426,0.4573707826097014,0.472783519667577,0.49294976570243304,degraded,degraded,indistinguishable,indistinguishable,indistinguishable
00000000000000000636,built_loss,good,0.5025478516053732,0.5257178603776737,0.472783519667577,0.49294976570243304,recovering,recovering,indistinguishable,indistinguishable,indistinguishable
00000000000000000636,built_loss,bad,0.48620066020116376,0.45263472684241474,0.472783519667577,0.49294976570243304,degraded,recovering,indistinguishable,indistinguishable,indistinguishable
0000000000000000064a,built_loss,good,0.5015034838498281,0.5710497662967601,0.472783519667577,0.49294976570243304,recovering,recovering,indistinguishable,indistinguishable,indistinguishable
0000000000000000064a,built_loss,bad,0.47417957738561345,0.46060586179433594,0.472783519667577,0.49294976570243304,degraded,indistinguishable,indistinguishable,indistinguishable,indistinguishable
0000000000000000064d,built_loss,good,0.499435965126645,0.5150299978472361,0.472783519667577,0.49294976570243304,indistinguishable,recovering,indistinguishable,indistinguishable,indistinguishable
0000000000000000064d,built_loss,bad,0.4751716965116719,0.4839921610436064,0.472783519667577,0.49294976570243304,degraded,recovering,indistinguishable,indistinguishable,indistinguishable
00000000000000000694,built_loss,good,0.49484217782856066,0.5426022093444262,0.472783519667577,0.49294976570243304,degraded,recovering,indistinguishable,indistinguishable,indistinguishable
00000000000000000694,built_loss,bad,0.4672809204562225,0.4615589590407628,0.472783519667577,0.49294976570243304,degraded,degraded,indistinguishable,indistinguishable,indistinguishable
0000000000000000069d,built_loss,good,0.495585029555271,0.5246795128493047,0.472783519667577,0.49294976570243304,degraded,recovering,indistinguishable,indistinguishable,indistinguishable
0000000000000000069d,built_loss,bad,0.4646828368893763,0.4757179498202719,0.472783519667577,0.49294976570243304,degraded,degraded,indistinguishable,indistinguishable,indistinguishable
000000000000000006b7,built_loss,good,0.49124086109278037,0.5349192884296755,0.472783519667577,0.49294976570243304,degraded,recovering,indistinguishable,indistinguishable,indistinguishable
000000000000000006b7,built_loss,bad,0.47325883062988244,0.42383036713949485,0.472783519667577,0.49294976570243304,degraded,indistinguishable,indistinguishable,indistinguishable,indistinguishable
000000000000000006df,built_loss,good,0.5006494665707897,0.6240572823840745,0.472783519667577,0.49294976570243304,recovering,recovering,indistinguishable,indistinguishable,recovering
000000000000000006df,built_loss,bad,0.49132401131985765,0.43481556176614977,0.472783519667577,0.49294976570243304,degraded,recovering,indistinguishable,indistinguishable,indistinguishable
000000000000000006e3,built_loss,good,0.5016410641657104,0.7032161278498948,0.472783519667577,0.49294976570243304,recovering,recovering,indistinguishable,indistinguishable,recovering
000000000000000006e3,built_loss,bad,0.4792612145714102,0.4657720180315702,0.472783519667577,0.49294976570243304,degraded,recovering,indistinguishable,indistinguishable,indistinguishable
00000000000000000011,crop_loss,good,0.49472363094681715,0.5087295131080085,0.472783519667577,0.49294976570243304,degraded,recovering,indistinguishable,indistinguishable,indistinguishable
00000000000000000011,crop_loss,bad,0.49871618299522674,0.5027283202394097,0.472783519667577,0.49294976570243304,degraded,recovering,indistinguishable,indistinguishable,indistinguishable
0000000000000000002b,crop_loss,good,0.5019193116355923,0.571439859562233,0.472783519667577,0.49294976570243304,recovering,recovering,indistinguishable,indistinguishable,indistinguishable
0000000000000000002b,crop_loss,bad,0.503233427355464,0.44996178928771546,0.472783519667577,0.49294976570243304,recovering,recovering,indistinguishable,indistinguishable,indistinguishable
0000000000000000002d,crop_loss,good,0.4893297176412441,0.5118493543397933,0.472783519667577,0.49294976570243304,degraded,recovering,indistinguishable,indistinguishable,indistinguishable
0000000000000000002d,crop_loss,bad,0.4908758809322054,0.5149234890470201,0.472783519667577,0.49294976570243304,degraded,recovering,indistinguishable,indistinguishable,indistinguishable
0000000000000000003a,crop_loss,good,0.5090374159220271,0.5120510564467602,0.472783519667577,0.49294976570243304,recovering,recovering,indistinguishable,indistinguishable,indistinguishable
0000000000000000003a,crop_loss,bad,0.5002078072807868,0.4577792174425398,0.472783519667577,0.49294976570243304,indistinguishable,recovering,indistinguishable,indistinguishable,indistinguishable
0000000000000000009b,crop_loss,good,0.49989715504757193,0.5426162005835823,0.472783519667577,0.49294976570243304,indistinguishable,recovering,indistinguishable,indistinguishable,indistinguishable
0000000000000000009b,crop_loss,bad,0.4981461542844903,0.4996101426687592,0.472783519667577,0.49294976570243304,degraded,recovering,indistinguishable,indistinguishable,indistinguishable
0000000000000000009d,crop_loss,good,0.49820475011679904,0.5032107733499718,0.472783519667577,0.49294976570243304,degraded,recovering,indistinguishable,indistinguishable,indistinguishable
0000000000000000009d,crop_loss,bad,0.4945008159711376,0.4800386478759388,0.472783519667577,0.49294976570243304,degraded,recovering,indistinguishable,indistinguishable,indistinguishable
000000000000000000a8,crop_loss,good,0.4961610110660279,0.5361617249537343,0.472783519667577,0.49294976570243304,degraded,recovering,indistinguishable,indistinguishable,indistinguishable
000000000000000000a8,crop_loss,bad,0.5005142375335901,0.368463601631529,0.472783519667577,0.49294976570243304,indistinguishable,recovering,indistinguishable,indistinguishable,degraded
000000000000000000da,crop_loss,good,0.4868135125766584,0.47994011831969646,0.472783519667577,0.49294976570243304,degraded,recovering,indistinguishable,indistinguishable,indistinguishable
000000000000000000da,crop_loss,bad,0.49921033345282667,0.48411944536204043,0.472783519667577,0.49294976570243304,indistinguishable,recovering,indistinguishable,indistinguishable,indistinguishable
000000000000000000e3,crop_loss,good,0.49951042875154905,0.5006835139209229,0.472783519667577,0.49294976570243304,indistinguishable,recovering,indistinguishable,indistinguishable,indistinguishable
000000000000000000e3,crop_loss,bad,0.4966378119537651,0.5006001784186677,0.472783519667577,0.49294976570243304,degraded,recovering,indistinguishable,indistinguishable,indistinguishable
000000000000000000e9,crop_loss,good,0.4951912974987064,0.5008156827822806,0.472783519667577,0.49294976570243304,degraded,recovering,indistinguishable,indistinguishable,indistinguishable
000000000000000000e9,crop_loss,bad,0.4909302722010798,0.5025258698172697,0.472783519667577,0.49294976570243304,degraded,recovering,indistinguishable,indistinguishable,indistinguishable
0000000000000000011b,crop_loss,good,0.49579079822508315,0.5407875711207025,0.472783519667577,0.49294976570243304,degraded,recovering,indistinguishable,indistinguishable,indistinguishable
0000000000000000011b,crop_loss,bad,0.49639006420096904,0.516190254240961,0.472783519667577,0.49294976570243304,degraded,recovering,indistinguishable,indistinguishable,indistinguishable
00000000000000000128,crop_loss,good,0.49878921975780977,0.5209921642237632,0.472783519667577,0.49294976570243304,degraded,recovering,indistinguishable,indistinguishable,indistinguishable
00000000000000000128,crop_loss,bad,0.4992012687580387,0.5108147635682885,0.472783519667577,0.49294976570243304,degraded,recovering,indistinguishable,indistinguishable,indistinguishable
00000000000000000192,crop_loss,good,0.49014022414158864,0.5207014263968598,0.472783519667577,0.49294976570243304,degraded,recovering,indistinguishable,indistinguishable,indistinguishable
00000000000000000192,crop_loss,bad,0.49985599589795576,0.43574521589973253,0.472783519667577,0.49294976570243304,indistinguishable,recovering,indistinguishable,indistinguishable,indistinguishable
00000000000000000196,crop_loss,good,0.4999390570418433,0.4915403346186162,0.472783519667577,0.49294976570243304,indistinguishable,recovering,indistinguishable,indistinguishable,indistinguishable
00000000000000000196,crop_loss,bad,0.5002702888093202,0.49876921268565144,0.472783519667577,0.49294976570243304,indistinguishable,recovering,indistinguishable,indistinguishable,indistinguishable
000000000000000001a6,crop_loss,good,0.5012538396222623,0.5372225166304286,0.472783519667577,0.49294976570243304,indistinguishable,recovering,indistinguishable,indistinguishable,indistinguishable
000000000000000001a6,crop_loss,bad,0.49969684957930555,0.38442833099170337,0.472783519667577,0.49294976570243304,indistinguishable,recovering,indistinguishable,indistinguishable,degraded
000000000000000001e4,crop_loss,good,0.4895001444723739,0.49894672815038366,0.472783519667577,0.49294976570243304,degraded,recovering,indistinguishable,indistinguishable,indistinguishable
000000000000000001e4,crop_loss,bad,0.4831912729648063,0.4797655403997409,0.472783519667577,0.49294976570243304,degraded,recovering,indistinguishable,indistinguishable,indistinguishable
000000000000000001f9,crop_loss,good,0.5063015952742882,0.4582062412967205,0.472783519667577,0.49294976570243304,recovering,recovering,indistinguishable,indistinguishable,indistinguishable
000000000000000001f9,crop_loss,bad,0.505993114129481,0.48703040156675037,0.472783519667577,0.49294976570243304,recovering,recovering,indistinguishable,indistinguishable,indistinguishable
00000000000000000228,crop_loss,good,0.5036517315517004,0.5381416937929827,0.472783519667577,0.49294976570243304,recovering,recovering,indistinguishable,indistinguishable,indistinguishable
00000000000000000228,crop_loss,bad,0.5052821142027507,0.5022885425297285,0.472783519667577,0.49294976570243304,recovering,recovering,indistinguishable,indistinguishable,indistinguishable
0000000000000000028c,crop_loss,good,0.5020814691144118,0.5293943029614484,0.472783519667577,0.49294976570243304,recovering,recovering,indistinguishable,indistinguishable,indistinguishable
0000000000000000028c,crop_loss,bad,0.49831246429363024,0.5242640474987865,0.472783519667577,0.49294976570243304,degraded,recovering,indistinguishable,indistinguishable,indistinguishable
0000000000000000028d,crop_loss,good,0.49773124511863887,0.5464996816767708,0.472783519667577,0.49294976570243304,degraded,recovering,indistinguishable,indistinguishable,indistinguishable
0000000000000000028d,crop_loss,bad,0.49974342968322677,0.5163288783896778,0.472783519667577,0.49294976570243304,indistinguishable,recovering,indistinguishable,indistinguishable,indistinguishable
00000000000000000291,crop_loss,good,0.48778257580176754,0.5771865253569315,0.472783519667577,0.49294976570243304,degraded,recovering,indistinguishable,indistinguishable,recovering
00000000000000000291,crop_loss,bad,0.49865542101164106,0.5262013390122791,0.472783519667577,0.49294976570243304,indistinguishable,recovering,indistinguishable,indistinguishable,indistinguishable
000000000000000002c5,crop_loss,good,0.5038194105717522,0.5052651827009284,0.472783519667577,0.49294976570243304,recovering,recovering,indistinguishable,indistinguishable,indistinguishable
000000000000000002c5,crop_loss,bad,0.5036377947861574,0.48629603205986655,0.472783519667577,0.49294976570243304,recovering,recovering,indistinguishable,indistinguishable,indistinguishable
000000000000000002dc,crop_loss,good,0.4837889586502007,0.5090872664557526,0.472783519667577,0.49294976570243304,degraded,recovering,indistinguishable,indistinguishable,indistinguishable
000000000000000002dc,crop_loss,bad,0.4906663491529906,0.48106301812730135,0.472783519667577,0.49294976570243304,degraded,recovering,indistinguishable,indistinguishable,indistinguishable
000000000000000002e4,crop_loss,good,0.5030029565545541,0.532226126703281,0.472783519667577,0.49294976570243304,recovering,recovering,indistinguishable,indistinguishable,indistinguishable
000000000000000002e4,crop_loss,bad,0.5019247659439278,0.49414872640159585,0.472783519667577,0.49294976570243304,recovering,recovering,indistinguishable,indistinguishable,indistinguishable
000000000000000002ec,crop_loss,good,0.4915698904457426,0.5481779528779248,0.472783519667577,0.49294976570243304,degraded,recovering,indistinguishable,indistinguishable,indistinguishable
000000000000000002ec,crop_loss,bad,0.49143946237068714,0.5290198839746852,0.472783519667577,0.49294976570243304,degraded,recovering,indistinguishable,indistinguishable,indistinguishable
00000000000000000314,crop_loss,good,0.501384461292086,0.5655590109615447,0.472783519667577,0.49294976570243304,recovering,recovering,indistinguishable,indistinguishable,indistinguishable
00000000000000000314,crop_loss,bad,0.5033983560383478,0.44577544034315547,0.472783519667577,0.49294976570243304,recovering,recovering,indistinguishable,indistinguishable,indistinguishable
00000000000000000335,crop_loss,good,0.5030833819743977,0.5300005198505799,0.472783519667577,0.49294976570243304,recovering,recovering,indistinguishable,indistinguishable,indistinguishable
00000000000000000335,crop_loss,bad,0.5025708119439717,0.5133177765610866,0.472783519667577,0.49294976570243304,recovering,recovering,indistinguishable,indistinguishable,indistinguishable
0000000000000000033a,crop_loss,good,0.503132033131069,0.5358049093408982,0.472783519667577,0.49294976570243304,recovering,recovering,indistinguishable,indistinguishable,indistinguishable
0000000000000000033a,crop_loss,bad,0.49938730349146715,0.5341832218124614,0.472783519667577,0.49294976570243304,indistinguishable,recovering,indistinguishable,indistinguishable,indistinguishable
000000000000000003b0,crop_loss,good,0.4931491842782344,0.5039143221732215,0.472783519667577,0.49294976570243304,degraded,recovering,indistinguishable,indistinguishable,indistinguishable
000000000000000003b0,crop_loss,bad,0.497795944006462,0.4595534578350511,0.472783519667577,0.49294976570243304,degraded,recovering,indistinguishable,indistinguishable,indistinguishable
000000000000000003c8,crop_loss,good,0.499107724581034,0.5829979799005169,0.472783519667577,0.49294976570243304,indistinguishable,recovering,indistinguishable,indistinguishable,recovering
000000000000000003c8,crop_loss,bad,0.5001545022503917,0.47218903643373866,0.472783519667577,0.49294976570243304,indistinguishable,recovering,indistinguishable,indistinguishable,indistinguishable
000000000000000003f1,crop_loss,good,0.49595306907181813,0.49267988826152775,0.472783519667577,0.49294976570243304,degraded,recovering,indistinguishable,indistinguishable,indistinguishable
000000000000000003f1,crop_loss,bad,0.4941246539211804,0.48107908729323884,0.472783519667577,0.49294976570243304,degraded,recovering,indistinguishable,indistinguishable,indistinguishable
000000000000000003f2,crop_loss,good,0.49249600964623863,0.4978599989036181,0.472783519667577,0.49294976570243304,degraded,recovering,indistinguishable,indistinguishable,indistinguishable
000000000000000003f2,crop_loss,bad,0.4986710990862312,0.49892934412759243,0.472783519667577,0.49294976570243304,indistinguishable,recovering,indistinguishable,indistinguishable,indistinguishable
0000000000000000044b,crop_loss,good,0.5000970346236058,0.6387266201443137,0.472783519667577,0.49294976570243304,indistinguishable,recovering,indistinguishable,indistinguishable,recovering
0000000000000000044b,crop_loss,bad,0.5029038963774182,0.533168774276967,0.472783519667577,0.49294976570243304,recovering,recovering,indistinguishable,indistinguishable,indistinguishable
0000000000000000046c,crop_loss,good,0.5017289527006394,0.5320927269314811,0.472783519667577,0.49294976570243304,indistinguishable,recovering,indistinguishable,indistinguishable,indistinguishable
0000000000000000046c,crop_loss,bad,0.5008626827073389,0.4916109838030432,0.472783519667577,0.49294976570243304,indistinguishable,recovering,indistinguishable,indistinguishable,indistinguishable
00000000000000000480,crop_loss,good,0.5019841147137315,0.4960937215094122,0.472783519667577,0.49294976570243304,recovering,recovering,indistinguishable,indistinguishable,indistinguishable
00000000000000000480,crop_loss,bad,0.49826602164047873,0.5060860748954662,0.472783519667577,0.49294976570243304,degraded,recovering,indistinguishable,indistinguishable,indistinguishable
00000000000000000483,crop_loss,good,0.5011746916453101,0.5077734115184271,0.472783519667577,0.49294976570243304,recovering,recovering,indistinguishable,indistinguishable,indistinguishable
00000000000000000483,crop_loss,bad,0.5039061474421451,0.49311640799735457,0.472783519667577,0.49294976570243304,recovering,recovering,indistinguishable,indistinguishable,indistinguishable
00000000000000000485,crop_loss,good,0.4874970682768255,0.540196906762393,0.472783519667577,0.49294976570243304,degraded,recovering,indistinguishable,indistinguishable,indistinguishable
00000000000000000485,crop_loss,bad,0.4972133875002174,0.47309942625012585,0.472783519667577,0.49294976570243304,degraded,recovering,indistinguishable,indistinguishable,indistinguishable
00000000000000000497,crop_loss,good,0.5130801895210257,0.5366002616219222,0.472783519667577,0.49294976570243304,recovering,recovering,indistinguishable,indistinguishable,indistinguishable
00000000000000000497,crop_loss,bad,0.5082899950549717,0.4836225386515268,0.472783519667577,0.49294976570243304,recovering,recovering,indistinguishable,indistinguishable,indistinguishable
0000000000000000049b,crop_loss,good,0.5082277315268139,0.5786549297663359,0.472783519667577,0.49294976570243304,recovering,recovering,indistinguishable,indistinguishable,indistinguishable
0000000000000000049b,crop_loss,bad,0.5089818642720603,0.4709953928042236,0.472783519667577,0.49294976570243304,recovering,recovering,indistinguishable,indistinguishable,indistinguishable
000000000000000004a1,crop_loss,good,0.5018317360800822,0.5330100404920366,0.472783519667577,0.49294976570243304,recovering,recovering,indistinguishable,indistinguishable,indistinguishable
000000000000000004a1,crop_loss,bad,0.4961082774000499,0.499085419448249,0.472783519667577,0.49294976570243304,degraded,recovering,indistinguishable,indistinguishable,indistinguishable
000000000000000004e7,crop_loss,good,0.49883003768107087,0.5068952220381344,0.472783519667577,0.49294976570243304,degraded,recovering,indistinguishable,indistinguishable,indistinguishable
000000000000000004e7,crop_loss,bad,0.4948639784337504,0.48775497176540744,0.472783519667577,0.49294976570243304,degraded,recovering,indistinguishable,indistinguishable,indistinguishable
000000000000000004e9,crop_loss,good,0.5046706663949624,0.5555244018100238,0.472783519667577,0.49294976570243304,recovering,recovering,indistinguishable,indistinguishable,indistinguishable
000000000000000004e9,crop_loss,bad,0.5038661567485134,0.491172052038362,0.472783519667577,0.49294976570243304,recovering,recovering,indistinguishable,indistinguishable,indistinguishable
000000000000000004ee,crop_loss,good,0.4992236154722006,0.490986412225659,0.472783519667577,0.49294976570243304,degraded,recovering,indistinguishable,indistinguishable,indistinguishable
000000000000000004ee,crop_loss,bad,0.5018510650742388,0.47329204318275503,0.472783519667577,0.49294976570243304,recovering,recovering,indistinguishable,indistinguishable,indistinguishable
000000000000000004f9,crop_loss,good,0.49870064882566134,0.5452888001254228,0.472783519667577,0.49294976570243304,degraded,recovering,indistinguishable,indistinguishable,indistinguishable
000000000000000004f9,crop_loss,bad,0.49797977432890783,0.4892230559136487,0.472783519667577,0.49294976570243304,degraded,recovering,indistinguishable,indistinguishable,indistinguishable
00000000000000000517,crop_loss,good,0.5062775465920165,0.5482291789952998,0.472783519667577,0.49294976570243304,recovering,recovering,indistinguishable,indistinguishable,indistinguishable
00000000000000000517,crop_loss,bad,0.506871663010154,0.504382391065905,0.472783519667577,0.49294976570243304,recovering,recovering,indistinguishable,indistinguishable,indistinguishable
00000000000000000538,crop_loss,good,0.5012047879542252,0.5052580511719452,0.472783519667577,0.49294976570243304,recovering,recovering,indistinguishable,indistinguishable,indistinguishable
00000000000000000538,crop_loss,bad,0.5019101274305661,0.5023006338554424,0.472783519667577,0.49294976570243304,recovering,recovering,indistinguishable,indistinguishable,indistinguishable
0000000000000000057e,crop_loss,good,0.5080613671612834,0.5493731708674724,0.472783519667577,0.49294976570243304,recovering,recovering,indistinguishable,indistinguishable,indistinguishable
0000000000000000057e,crop_loss,bad,0.48420795113170023,0.4992828673936335,0.472783519667577,0.49294976570243304,degraded,recovering,indistinguishable,indistinguishable,indistinguishable
000000000000000005d1,crop_loss,good,0.49854653704597585,0.6052625668314257,0.472783519667577,0.49294976570243304,degraded,recovering,indistinguishable,indistinguishable,recovering
000000000000000005d1,crop_loss,bad,0.5031258335718907,0.5075961054425566,0.472783519667577,0.49294976570243304,recovering,recovering,indistinguishable,indistinguishable,indistinguishable
00000000000000000611,crop_loss,good,0.4935658935155669,0.4910152275775617,0.472783519667577,0.49294976570243304,degraded,recovering,indistinguishable,indistinguishable,indistinguishable
00000000000000000611,crop_loss,bad,0.4969965419091317,0.4669857805552971,0.472783519667577,0.49294976570243304,degraded,recovering,indistinguishable,indistinguishable,indistinguishable
0000000000000000062f,crop_loss,good,0.503076351104632,0.5276740958360985,0.472783519667577,0.49294976570243304,recovering,recovering,indistinguishable,indistinguishable,indistinguishable
0000000000000000062f,crop_loss,bad,0.5041818385332795,0.49684896075201085,0.472783519667577,0.49294976570243304,recovering,recovering,indistinguishable,indistinguishable,indistinguishable
00000000000000000632,crop_loss,good,0.5010252197354412,0.6643929653716478,0.472783519667577,0.49294976570243304,recovering,recovering,indistinguishable,indistinguishable,recovering
00000000000000000632,crop_loss,bad,0.5042399889224011,0.49953474305670165,0.472783519667577,0.49294976570243304,recovering,recovering,indistinguishable,indistinguishable,indistinguishable
0000000000000000063e,crop_loss,good,0.5018507665270024,0.5643251654010868,0.472783519667577,0.49294976570243304,recovering,recovering,indistinguishable,indistinguishable,indistinguishable
0000000000000000063e,crop_loss,bad,0.5021474462419332,0.4999453229883742,0.472783519667577,0.49294976570243304,recovering,recovering,indistinguishable,indistinguishable,indistinguishable
00000000000000000655,crop_loss,good,0.5025067249477803,0.5563328693513541,0.472783519667577,0.49294976570243304,recovering,recovering,indistinguishable,indistinguishable,indistinguishable
00000000000000000655,crop_loss,bad,0.5016618857495776,0.4786758650158187,0.472783519667577,0.49294976570243304,recovering,recovering,indistinguishable,indistinguishable,indistinguishable
00000000000000000697,crop_loss,good,0.48322799317867693,0.5200011695807673,0.472783519667577,0.49294976570243304,degraded,recovering,indistinguishable,indistinguishable,indistinguishable
00000000000000000697,crop_loss,bad,0.48691410361509424,0.48228605986002426,0.472783519667577,0.49294976570243304,degraded,recovering,indistinguishable,indistinguishable,indistinguishable
00000000000000000698,crop_loss,good,0.5001924669205458,0.4918128884649415,0.472783519667577,0.49294976570243304,indistinguishable,recovering,indistinguishable,indistinguishable,indistinguishable
00000000000000000698,crop_loss,bad,0.49435150091493635,0.44793712106205325,0.472783519667577,0.49294976570243304,degraded,recovering,indistinguishable,indistinguishable,indistinguishable
000000000000000006a8,crop_loss,good,0.49344800453117094,0.5616836588457077,0.472783519667577,0.49294976570243304,degraded,recovering,indistinguishable,indistinguishable,indistinguishable
000000000000000006a8,crop_loss,bad,0.49335636522290666,0.5772680420983577,0.472783519667577,0.49294976570243304,degraded,recovering,indistinguishable,indistinguishable,recovering
000000000000000006b4,crop_loss,good,0.49561228965207094,0.536207931873233,0.472783519667577,0.49294976570243304,degraded,recovering,indistinguishable,indistinguishable,indistinguishable
000000000000000006b4,crop_loss,bad,0.49447912474105304,0.5127625345581863,0.472783519667577,0.49294976570243304,degraded,recovering,indistinguishable,indistinguishable,indistinguishable
000000000000000006be,crop_loss,good,0.4984675523882401,0.5133206154247044,0.472783519667577,0.49294976570243304,indistinguishable,recovering,indistinguishable,indistinguishable,indistinguishable
000000000000000006be,crop_loss,bad,0.5021815467007658,0.4994355834870106,0.472783519667577,0.49294976570243304,recovering,recovering,indistinguishable,indistinguishable,indistinguishable
000000000000000006c0,crop_loss,good,0.5007335309143391,0.5293783284389106,0.472783519667577,0.49294976570243304,recovering,recovering,indistinguishable,indistinguishable,indistinguishable
000000000000000006c0,crop_loss,bad,0.500811973767661,0.549482680624557,0.472783519667577,0.49294976570243304,recovering,recovering,indistinguishable,indistinguishable,indistinguishable
000000000000000006ce,crop_loss,good,0.5006843194728995,0.45172423642442205,0.472783519667577,0.49294976570243304,recovering,recovering,indistinguishable,indistinguishable,indistinguishable
000000000000000006ce,crop_loss,bad,0.5001873847960565,0.45337745509383975,0.472783519667577,0.49294976570243304,indistinguishable,recovering,indistinguishable,indistinguishable,indistinguishable
000000000000000006d9,crop_loss,good,0.5072871340575383,0.5169689309495796,0.472783519667577,0.49294976570243304,recovering,recovering,indistinguishable,indistinguishable,indistinguishable
000000000000000006d9,crop_loss,bad,0.5010668244313846,0.37957970586066847,0.472783519667577,0.49294976570243304,indistinguishable,recovering,indistinguishable,indistinguishable,degraded
000000000000000006e5,crop_loss,good,0.5002803348087144,0.48470892936379545,0.472783519667577,0.49294976570243304,indistinguishable,recovering,indistinguishable,indistinguishable,indistinguishable
000000000000000006e5,crop_loss,bad,0.5008769128504064,0.5107365039742728,0.472783519667577,0.49294976570243304,recovering,recovering,indistinguishable,indistinguishable,indistinguishable
00000000000000000151,built_loss,good,0.5005550224043522,0.6507390625431195,0.472783519667577,0.49294976570243304,recovering,recovering,indistinguishable,indistinguishable,recovering
00000000000000000151,built_loss,bad,0.48600840755007657,0.41580284649226146,0.472783519667577,0.49294976570243304,degraded,recovering,indistinguishable,indistinguishable,indistinguishable
000000000000000001be,built_loss,good,0.5026857544454246,0.5767888974234726,0.472783519667577,0.49294976570243304,recovering,recovering,indistinguishable,indistinguishable,recovering
000000000000000001be,built_loss,bad,0.48389249488217007,0.5230910069428425,0.472783519667577,0.49294976570243304,degraded,recovering,indistinguishable,indistinguishable,indistinguishable
0000000000000000034d,built_loss,good,0.5003819880679181,0.519161270188494,0.472783519667577,0.49294976570243304,indistinguishable,recovering,indistinguishable,indistinguishable,indistinguishable
0000000000000000034d,built_loss,bad,0.4871012251526915,0.49912822814638935,0.472783519667577,0.49294976570243304,degraded,recovering,indistinguishable,indistinguishable,indistinguishable
000000000000000003c7,crop_loss,good,0.5023125855942189,0.5265415131670189,0.472783519667577,0.49294976570243304,recovering,recovering,indistinguishable,indistinguishable,indistinguishable
000000000000000003c7,crop_loss,bad,0.5052924226663892,0.5243547216833859,0.472783519667577,0.49294976570243304,recovering,recovering,indistinguishable,indistinguishable,indistinguishable
0000000000000000004a,built_loss,good,0.4976566021294521,0.5831426606360651,0.472783519667577,0.49294976570243304,degraded,recovering,indistinguishable,indistinguishable,recovering
0000000000000000004a,built_loss,bad,0.465213864900755,0.42635867360949775,0.472783519667577,0.49294976570243304,degraded,degraded,indistinguishable,indistinguishable,indistinguishable
00000000000000000206,built_loss,good,0.47876130305628845,0.49550015898583954,0.472783519667577,0.49294976570243304,degraded,recovering,indistinguishable,indistinguishable,indistinguishable
00000000000000000206,built_loss,bad,0.4716641424858094,0.4744108745356632,0.472783519667577,0.49294976570243304,degraded,indistinguishable,indistinguishable,indistinguishable,indistinguishable
000000000000000002a4,built_loss,good,0.5033407540822852,0.5637538492941806,0.472783519667577,0.49294976570243304,recovering,recovering,indistinguishable,indistinguishable,indistinguishable
000000000000000002a4,built_loss,bad,0.4678566430909504,0.4748405716223625,0.472783519667577,0.49294976570243304,degraded,degraded,indistinguishable,indistinguishable,indistinguishable
000000000000000004f5,built_loss,good,0.49850573932521464,0.5177879340033597,0.472783519667577,0.49294976570243304,degraded,recovering,indistinguishable,indistinguishable,indistinguishable
000000000000000004f5,built_loss,bad,0.47372031451596636,0.4664014209018624,0.472783519667577,0.49294976570243304,degraded,indistinguishable,indistinguishable,indistinguishable,indistinguishable
000000000000000002cc,crop_loss,good,0.5065858005868118,0.5215055337071768,0.472783519667577,0.49294976570243304,recovering,recovering,indistinguishable,indistinguishable,indistinguishable
000000000000000002cc,crop_loss,bad,0.5044279575399551,0.5487715881242046,0.472783519667577,0.49294976570243304,recovering,recovering,indistinguishable,indistinguishable,indistinguishable
000000000000000006cc,crop_loss,good,0.49582990265329513,0.5074748724145003,0.472783519667577,0.49294976570243304,degraded,recovering,indistinguishable,indistinguishable,indistinguishable
000000000000000006cc,crop_loss,bad,0.4905034692701046,0.4859128387269886,0.472783519667577,0.49294976570243304,degraded,recovering,indistinguishable,indistinguishable,indistinguishable
0000000000000000016c,crop_loss,good,0.5046100152916037,0.5195304963520931,0.472783519667577,0.49294976570243304,recovering,recovering,indistinguishable,indistinguishable,indistinguishable
0000000000000000016c,crop_loss,bad,0.5042536995287431,0.4924941392693972,0.472783519667577,0.49294976570243304,recovering,recovering,indistinguishable,indistinguishable,indistinguishable
