parent_id,parent_label,score_median,ci_lo_median,ci_hi_median,score_knn,ci_lo_knn,ci_hi_knn,category_baseline,category_step1_calibrated_t,category_step2_deadband,category_step3_deadband_effect,category_step4_knn
00000000000000000001,built_loss,0.44576607785688627,0.4201564236927714,0.4803877417534986,0.5108421933369928,0.48302611979539606,0.5418951515144207,degraded,indistinguishable,indistinguishable,indistinguishable,indistinguishable
00000000000000000011,crop_loss,0.730354391026093,0.49890923785380664,0.8530094721528446,0.5043872394360099,0.46726274703860143,0.5382638180646258,indistinguishable,recovering,indistinguishable,indistinguishable,indistinguishable
0000000000000000002b,crop_loss,0.17517432661647428,0.13674868188634323,0.2436456651301551,0.4254496679762015,0.364770952136399,0.45704386349407833,degraded,degraded,degraded,degraded,indistinguishable
0000000000000000002d,crop_loss,0.48246691519483986,0.448782274145313,0.5225115162013027,0.48954524428893575,0.4654750185854953,0.5182292027054677,indistinguishable,indistinguishable,indistinguishable,indistinguishable,indistinguishable
0000000000000000003a,crop_loss,0.30532775223676484,0.256818507961886,0.3448832531623546,0.3259957607796187,0.27335184239731486,0.37945165720191665,degraded,degraded,degraded,degraded,degraded
00000000000000000049,built_loss,0.4931784321263063,0.47014240980002936,0.5070912163709772,0.38347251387995585,0.2430730239974979,0.5081448489497364,indistinguishable,indistinguishable,indistinguishable,indistinguishable,indistinguishable
0000000000000000004a,built_loss,0.4399635974690063,0.42089817618529696,0.45434363434585145,0.4778145927068017,0.4422411285819672,0.5078538914414259,degraded,degraded,indistinguishable,indistinguishable,indistinguishable
0000000000000000004f,built_loss,0.43387156391440995,0.37182385547136076,0.48427409529271614,0.4310433203834499,0.3964673292569014,0.47313892169303434,degraded,indistinguishable,indistinguishable,indistinguishable,indistinguishable
0000000000000000005a,built_loss,0.4341876403329874,0.40911696713582685,0.45790998283522255,0.48153452309761713,0.4595947986306781,0.4983082228065729,degraded,degraded,indistinguishable,indistinguishable,indistinguishable
00000000000000000079,built_loss,0.610284403541861,0.5754307048621119,0.6613842489629264,0.580518392328766,0.5472426984355638,0.6057596351507007,recovering,recovering,recovering,recovering,recovering
00000000000000000085,built_loss,0.39354638385843327,0.3273469401010886,0.43338893158560404,0.3619157056996091,0.3133019933458136,0.42631865292356647,degraded,degraded,indistinguishable,indistinguishable,degraded
00000000000000000087,built_loss,0.5266498190547633,0.49061401043025293,0.5998688210706178,0.4631409928534489,0.39534694930330555,0.5214236474319267,indistinguishable,recovering,indistinguishable,indistinguishable,indistinguishable
0000000000000000009b,crop_loss,0.4928844914718775,0.48664317179220856,0.49839311443795653,0.5657038907776892,0.521796711503674,0.5962033498053825,degraded,recovering,indistinguishable,indistinguishable,indistinguishable
0000000000000000009d,crop_loss,0.37409344656523735,0.3247912179615556,0.40871595991239934,0.44543576690576414,0.41573454084564604,0.47922677500965144,degraded,degraded,degraded,degraded,indistinguishable
000000000000000000a1,built_loss,0.4493490161217572,0.414184561055474,0.4644045847163838,0.44848120315781415,0.41650199171539304,0.4787272536623419,degraded,degraded,indistinguishable,indistinguishable,indistinguishable
000000000000000000a8,crop_loss,0.2038031154052213,0.19112246541927513,0.22327651296248757,0.39088773897872586,0.33887960940754586,0.4669239181839243,degraded,degraded,degraded,degraded,indistinguishable
000000000000000000b8,built_loss,0.5311818475002759,0.43290419261521584,0.5933763355111561,0.41931688827173474,0.37199290206276314,0.46023656986985095,indistinguishable,indistinguishable,indistinguishable,indistinguishable,indistinguishable
000000000000000000c0,built_loss,0.6135637693591418,0.5596845419629958,0.648624356998335,0.565612925220089,0.545818015049635,0.5889812870808777,recovering,recovering,recovering,recovering,indistinguishable
000000000000000000da,crop_loss,0.7736581409080185,0.7447949964868033,0.7963957130411895,0.6338921706075605,0.5683402055002945,0.6777786881606733,recovering,recovering,recovering,recovering,recovering
000000000000000000e2,built_loss,0.3793295411885945,0.3394390054212373,0.42286140116663407,0.5018360377613612,0.43241321708585795,0.5649785599727509,degraded,degraded,indistinguishable,indistinguishable,indistinguishable
000000000000000000e3,crop_loss,0.47989041138095245,0.43453465855514223,0.5098492486250478,0.46597343776454364,0.42147818889995514,0.5128417549401457,indistinguishable,indistinguishable,indistinguishable,indistinguishable,indistinguishable
000000000000000000e9,crop_loss,0.4038850602527873,0.34825630747990005,0.4690728795905151,0.4633901378046196,0.41834049133008316,0.5016307044476577,degraded,degraded,indistinguishable,indistinguishable,indistinguishable
000000000000000000f0,built_loss,0.6679900963561605,0.6220386501805628,0.7054852948154169,0.5794936622282812,0.5135240060970634,0.6731765541201007,recovering,recovering,recovering,recovering,indistinguishable
000000000000000000f8,built_loss,0.5584459640469653,0.5047493514321226,0.6135080181177119,0.518881184357013,0.48597731974812214,0.5599238522530574,recovering,recovering,indistinguishable,indistinguishable,indistinguishable
00000000000000000114,built_loss,0.6814796386966279,0.632701834096285,0.7089275486741566,0.5179705735657194,0.4744897736691185,0.5782958036570506,recovering,recovering,recovering,recovering,indistinguishable
0000000000000000011b,crop_loss,0.45793972458203125,0.4410613909566843,0.48342990318806683,0.4750863509953334,0.4258218230792538,0.5299710238768094,degraded,indistinguishable,indistinguishable,indistinguishable,indistinguishable
0000000000000000011c,built_loss,0.7250914899770797,0.700646028512735,0.7460778543188543,0.5882020449750301,0.5292705180657811,0.6406669673974368,recovering,recovering,recovering,recovering,indistinguishable
00000000000000000128,crop_loss,0.5288331148962316,0.5157762850627517,0.5520513857211055,0.569706848294685,0.5215949404104169,0.6158610830291532,recovering,recovering,indistinguishable,indistinguishable,indistinguishable
00000000000000000151,built_loss,0.25721994094061523,0.23779842978569266,0.2801968424857764,0.30429140845619185,0.25732875158827073,0.35183500284413655,degraded,degraded,degraded,degraded,degraded
00000000000000000161,built_loss,0.6669426699012915,0.6376278356827264,0.7027660263115382,0.6368185980229106,0.6000945361584641,0.6632892030719142,recovering,recovering,recovering,recovering,recovering
0000000000000000016a,built_loss,0.24753650500039123,0.20331430941151693,0.291228286678882,0.18619738353121532,0.16382489029742653,0.2727967450993869,degraded,degraded,degraded,degraded,degraded
0000000000000000016c,crop_loss,0.4583489423814819,0.4196817717319875,0.5064903814605757,0.5191444870347551,0.4736907022591294,0.5418449716335202,indistinguishable,indistinguishable,indistinguishable,indistinguishable,indistinguishable
00000000000000000176,built_loss,0.6577268895390618,0.6269338530149373,0.6851209354182926,0.49825816819076796,0.437529027115625,0.5440848636527459,recovering,recovering,recovering,recovering,indistinguishable
00000000000000000192,crop_loss,0.5633278845993202,0.533929510861714,0.5757521863538507,0.5140959097442089,0.46781787172754097,0.549376074270919,recovering,recovering,recovering,recovering,indistinguishable
00000000000000000196,crop_loss,0.2438537879987322,0.22180282076416957,0.27859580733385636,0.4620685818790453,0.4398699544713833,0.4856650264009222,degraded,degraded,degraded,degraded,indistinguishable
000000000000000001a6,crop_loss,0.2722528888927655,0.22057509938937062,0.3312014374386512,0.4001105223106329,0.3742669320066669,0.43971339102838675,degraded,degraded,degraded,degraded,degraded
000000000000000001a8,built_loss,0.5869390663134306,0.5466921145737718,0.6442058768479576,0.4765885333824179,0.38446339494488907,0.5352108700895205,recovering,recovering,recovering,recovering,indistinguishable
000000000000000001be,built_loss,0.5139802074309038,0.47491447489629945,0.5723982251412045,0.5421976405767546,0.4986750937827919,0.5801022691095895,indistinguishable,recovering,indistinguishable,indistinguishable,indistinguishable
000000000000000001cd,built_loss,0.7599614133742899,0.7158386096101597,0.7913130110226362,0.5936886864066678,0.5538438997992361,0.6389552651590562,recovering,recovering,recovering,recovering,recovering
000000000000000001e4,crop_loss,0.49130377047352314,0.46095124824926736,0.5147843699269395,0.5326565039371401,0.44900983054487875,0.5884464037820716,indistinguishable,indistinguishable,indistinguishable,indistinguishable,indistinguishable
000000000000000001e5,built_loss,0.5440990904736995,0.4991312028242363,0.5949681153454823,0.5835964145128208,0.5218394254174996,0.6311134997442743,indistinguishable,recovering,indistinguishable,indistinguishable,indistinguishable
000000000000000001f9,crop_loss,0.6664625013811083,0.44408307706239974,0.7442792416290317,0.5621660094812237,0.5254603739458659,0.5977345448214884,indistinguishable,indistinguishable,indistinguishable,indistinguishable,indistinguishable
00000000000000000206,built_loss,0.7470837853266461,0.6998018363183018,0.7676253170351923,0.46314270668122337,0.41107677360618705,0.5343538437867151,recovering,recovering,recovering,recovering,indistinguishable
00000000000000000209,built_loss,0.600126269845666,0.5657481500000876,0.6651016279332033,0.5978651951369325,0.5534048381904167,0.6448890997605826,recovering,recovering,recovering,recovering,recovering
00000000000000000228,crop_loss,0.5198097367504713,0.3965496660894529,0.5561900202036922,0.5309024673070581,0.39463481916118404,0.5969367069161305,indistinguishable,indistinguishable,indistinguishable,indistinguishable,indistinguishable
00000000000000000231,built_loss,0.5079632442802016,0.47680979760445835,0.5610025020520508,0.5016133622083375,0.46854275369433107,0.530990035197279,indistinguishable,recovering,indistinguishable,indistinguishable,indistinguishable
0000000000000000024c,built_loss,0.7157987079804445,0.6924072919574324,0.7446152099820378,0.5821330129321249,0.5364236065234995,0.6122173707184738,recovering,recovering,recovering,recovering,indistinguishable
0000000000000000026d,built_loss,0.5813015845916578,0.5442726169813104,0.6225392197462891,0.5578164086655941,0.4914238036681724,0.6192622059783162,recovering,recovering,recovering,recovering,indistinguishable
00000000000000000278,built_loss,0.7927442142022334,0.7442023569154699,0.822780293111663,0.5419332356520998,0.4842371788271235,0.6043795834909907,recovering,recovering,recovering,recovering,indistinguishable
00000000000000000281,crop_loss,0.5176650907595726,0.4821359502271351,0.5467284624575547,0.5035907010489533,0.48400866502797063,0.5235305147370628,indistinguishable,recovering,indistinguishable,indistinguishable,indistinguishable
0000000000000000028c,crop_loss,0.3104154821610825,0.2806411393272549,0.3463781340056283,0.5381788418621556,0.4709299350054069,0.6143142816138237,degraded,degraded,degraded,degraded,indistinguishable
0000000000000000028d,crop_loss,0.6692487482339626,0.6257332500712274,0.6959651338566781,0.5507710779656788,0.49990641297580796,0.6507064092225171,recovering,recovering,recovering,recovering,indistinguishable
00000000000000000291,crop_loss,0.8818759387456236,0.8709996481942774,0.8927207688842893,0.6399574610376656,0.5817053957377009,0.7223787538882344,recovering,recovering,recovering,recovering,recovering
00000000000000000293,built_loss,0.49949752201092107,0.45618579832690753,0.5285997582040742,0.5011060158378092,0.4613230145149403,0.5291049267906519,indistinguishable,indistinguishable,indistinguishable,indistinguishable,indistinguishable
000000000000000002a4,built_loss,0.4113313291342232,0.394010218937758,0.44150620745425145,0.4663014751869744,0.4377260727989717,0.49031412343316905,degraded,degraded,indistinguishable,indistinguishable,indistinguishable
000000000000000002c5,crop_loss,0.34410233834010473,0.29774925828342913,0.3706745462869358,0.43492835087651166,0.4044923061905804,0.4587489516321262,degraded,degraded,degraded,degraded,indistinguishable
000000000000000002cc,crop_loss,0.45639057926265925,0.3474328878491608,0.5606938326303623,0.42972493706558207,0.382491005649672,0.48168353775933564,indistinguishable,indistinguishable,indistinguishable,indistinguishable,indistinguishable
000000000000000002dc,crop_loss,0.651471001951427,0.6008041270360504,0.6844764856912554,0.48774020648847577,0.44126971737378134,0.534578476580858,recovering,recovering,recovering,recovering,indistinguishable
000000000000000002e4,crop_loss,0.3215288910092207,0.2900167676598339,0.39793111251801505,0.47164707611645557,0.4441849070774427,0.4929332238612356,degraded,degraded,degraded,degraded,indistinguishable
000000000000000002ec,crop_loss,0.5167196172342085,0.456786027457941,0.5630325481107786,0.48374954759254646,0.4527769426074544,0.5195748909959007,indistinguishable,indistinguishable,indistinguishable,indistinguishable,indistinguishable
00000000000000000314,crop_loss,0.09614083993990703,0.06219095382357982,0.12986445198437527,0.39109169051452,0.30761386039455607,0.4628738196211709,degraded,degraded,degraded,degraded,indistinguishable
00000000000000000316,built_loss,0.11894973110107057,0.10382968243796398,0.1366729580146692,0.2822787922607356,0.18535516298566454,0.35280004386166974,degraded,degraded,degraded,degraded,degraded
00000000000000000335,crop_loss,0.4512135685041144,0.40849636794170496,0.48491189916064964,0.4777073590208604,0.39514520026237315,0.5325710206005793,degraded,indistinguishable,indistinguishable,indistinguishable,indistinguishable
0000000000000000033a,crop_loss,0.530596993006267,0.4779792970261179,0.5611118798570822,0.5028861501845671,0.46941865094102986,0.5423631887406942,indistinguishable,recovering,indistinguishable,indistinguishable,indistinguishable
0000000000000000034d,built_loss,0.41276443191662937,0.3933274785120717,0.4456652075520179,0.5317397486260658,0.4936765782532859,0.5851490150491553,degraded,degraded,indistinguishable,indistinguishable,indistinguishable
00000000000000000356,built_loss,0.47572085796760727,0.3985629613221857,0.5599958651677152,0.429503011919397,0.3899260563104769,0.47454600783111367,indistinguishable,indistinguishable,indistinguishable,indistinguishable,indistinguishable
00000000000000000362,built_loss,0.578149959672384,0.5465350571215084,0.635812002854829,0.5405254238733262,0.47219479414369175,0.5855095461141159,recovering,recovering,recovering,recovering,indistinguishable
00000000000000000363,built_loss,0.2523768279986098,0.21953453462378522,0.2839926691071905,0.37093313541185813,0.32470851972852766,0.42151414964054806,degraded,degraded,degraded,degraded,degraded
00000000000000000364,built_loss,0.6192298588967509,0.5836023039516371,0.6786777508107836,0.5916197515993341,0.5602029618471016,0.6217403521184119,recovering,recovering,recovering,recovering,recovering
00000000000000000375,built_loss,0.6636427916295601,0.6384767692184308,0.7020415223262867,0.535513108708562,0.4890046725747924,0.5802015816854468,recovering,recovering,recovering,recovering,indistinguishable
00000000000000000380,built_loss,0.4943172447382904,0.46972218030709856,0.5323428420591098,0.5136573532772521,0.4935231870149325,0.5393046624588018,indistinguishable,indistinguishable,indistinguishable,indistinguishable,indistinguishable
00000000000000000384,built_loss,0.5942720153739336,0.5675801182988585,0.6270806500316992,0.5890983774619512,0.552882967355336,0.6247491118637774,recovering,recovering,recovering,recovering,recovering
0000000000000000039e,built_loss,0.5119224468680891,0.4759408752638725,0.5389462078023161,0.5069519210659309,0.48113682428786725,0.5346393176191223,indistinguishable,recovering,indistinguishable,indistinguishable,indistinguishable
000000000000000003a1,built_loss,0.597156473421793,0.5674819386515134,0.657419536447139,0.5044178078897099,0.3626927525956622,0.5785686427011245,recovering,recovering,recovering,recovering,indistinguishable
000000000000000003a2,crop_loss,0.3318222738535446,0.2886692522034806,0.38347832746517224,0.505469871699107,0.4133099662181105,0.5903404835344801,degraded,degraded,degraded,degraded,indistinguishable
000000000000000003a5,built_loss,0.37872335332412227,0.3391689701800525,0.4333881492478573,0.44150084683703966,0.33881853128755707,0.5268063181489815,degraded,degraded,indistinguishable,indistinguishable,indistinguishable
000000000000000003b0,crop_loss,0.22720683018406493,0.19031955960034846,0.2618164467362545,0.46129665762311556,0.37345765610240705,0.5468126859985044,degraded,degraded,degraded,degraded,indistinguishable
000000000000000003b7,built_loss,0.481176483284915,0.4658984164862478,0.49879692538289205,0.5180197621284728,0.4535618936841292,0.5824665080035517,degraded,indistinguishable,indistinguishable,indistinguishable,indistinguishable
000000000000000003bf,built_loss,0.5275568349855334,0.49504566837283803,0.5696807445783743,0.5506021666832442,0.5032489304991864,0.5864604227300482,indistinguishable,recovering,indistinguishable,indistinguishable,indistinguishable
000000000000000003c7,crop_loss,0.712501564649952,0.668875204800067,0.7581043328000243,0.5761379654188463,0.5490413824865358,0.6146768984316024,recovering,recovering,recovering,recovering,recovering
000000000000000003c8,crop_loss,0.19712833565036209,0.17904464208121157,0.22605976394499686,0.19190998940687706,0.16272965952337684,0.2494510567235339,degraded,degraded,degraded,degraded,degraded
000000000000000003d2,built_loss,0.5902530908897715,0.5053318228904373,0.6436618270587163,0.5132377775855222,0.4862059217958435,0.5584773385218869,recovering,recovering,indistinguishable,indistinguishable,indistinguishable
000000000000000003f1,crop_loss,0.47845858134005137,0.4338787861808192,0.5177658057997573,0.5436261520323262,0.5159875182744862,0.5595235058584923,indistinguishable,indistinguishable,indistinguishable,indistinguishable,indistinguishable
000000000000000003f2,crop_loss,0.4900789039231681,0.45441401152194805,0.5087650391694692,0.45911022519697925,0.41602856517921244,0.5125912214989782,indistinguishable,indistinguishable,indistinguishable,indistinguishable,indistinguishable
000000000000000003f8,built_loss,0.22000287817108286,0.19470330684826256,0.23624489414447303,0.4054595906518293,0.3653728116245065,0.44497387191751364,degraded,degraded,degraded,degraded,indistinguishable
000000000000000003fa,built_loss,0.44064291543721634,0.4074231685925276,0.46712869545011526,0.4615078294796933,0.4384844460601079,0.4949279354864805,degraded,degraded,indistinguishable,indistinguishable,indistinguishable
00000000000000000407,built_loss,0.5710881404030977,0.5321583078708609,0.6133476125160464,0.5322890735357078,0.48082699832462444,0.5705993727685065,recovering,recovering,recovering,recovering,indistinguishable
0000000000000000040f,built_loss,0.5175390120208999,0.5032460897432357,0.5332206879153515,0.5137953228073939,0.46558631205858125,0.5513318376488211,recovering,recovering,indistinguishable,indistinguishable,indistinguishable
00000000000000000426,built_loss,0.5605947020251493,0.5292118035524249,0.5954649601942543,0.5661889717793842,0.5353066233947956,0.5886328764494039,recovering,recovering,recovering,recovering,indistinguishable
0000000000000000042b,built_loss,0.5773600135560975,0.5346431485533804,0.6210109538197035,0.5626558769639635,0.5414148202099498,0.5833476717012551,recovering,recovering,recovering,recovering,indistinguishable
00000000000000000442,built_loss,0.32520011374050867,0.2848519334025447,0.37304073192893733,0.4575141521320772,0.3706570988913376,0.5687180758867946,degraded,degraded,degraded,degraded,indistinguishable
0000000000000000044b,crop_loss,0.5772634636816566,0.5638189853650125,0.6006015003842359,0.5639255720833043,0.5357160550798197,0.6004179855293466,recovering,recovering,recovering,recovering,indistinguishable
00000000000000000465,built_loss,0.6502428139970662,0.6115416636590568,0.6729159285493358,0.6045940520602687,0.5625749177762007,0.6527498025859787,recovering,recovering,recovering,recovering,recovering
0000000000000000046c,crop_loss,0.5108820253407497,0.44309279566162046,0.564022324106487,0.45421766869252755,0.3853504970525342,0.5064380534409535,indistinguishable,indistinguishable,indistinguishable,indistinguishable,indistinguishable
0000000000000000047e,built_loss,0.517086674082226,0.5017788593190967,0.5555383636752964,0.5008960098824875,0.4832175517331333,0.5199058070170761,recovering,recovering,indistinguishable,indistinguishable,indistinguishable
00000000000000000480,crop_loss,0.8647773557856236,0.8001697042789222,0.8863152596902373,0.7980980105910985,0.7344417168966542,0.8463971227392774,recovering,recovering,recovering,recovering,recovering
00000000000000000483,crop_loss,0.7528212781559955,0.6970184262812681,0.7913721005500853,0.547847842843323,0.34002045133360104,0.6413599950828913,recovering,recovering,recovering,recovering,indistinguishable
00000000000000000485,crop_loss,0.7024702721367897,0.6829158603248325,0.7261714490499254,0.5789567001765845,0.5353589720245501,0.627778417812363,recovering,recovering,recovering,recovering,indistinguishable
00000000000000000490,built_loss,0.6385259020391865,0.6072011671511764,0.6789370190933783,0.5238026816867268,0.44398939964477707,0.6144371987145166,recovering,recovering,recovering,recovering,indistinguishable
00000000000000000497,crop_loss,0.23444462902007668,0.19375326665456627,0.27179692435138675,0.33605734106971097,0.19656690203421578,0.4258556974943554,degraded,degraded,degraded,degraded,degraded
0000000000000000049b,crop_loss,0.36208146592538704,0.3369294081347794,0.3759322579015478,0.4299054908933268,0.37671330323740637,0.4748391010509424,degraded,degraded,degraded,degraded,indistinguishable
000000000000000004a1,crop_loss,0.34781355026729494,0.32186215121864087,0.3901933572965859,0.4743339315301128,0.4220245546588833,0.5188636462257352,degraded,degraded,degraded,degraded,indistinguishable
000000000000000004c0,built_loss,0.6610561807849182,0.6245562286425255,0.6845889371699216,0.5428766183019192,0.5034971360273868,0.5836697006577771,recovering,recovering,recovering,recovering,indistinguishable
000000000000000004c5,built_loss,0.5569497255512478,0.5299036633024412,0.6101717082185815,0.5461128614448628,0.5165418556094843,0.5740944707013216,recovering,recovering,recovering,recovering,indistinguishable
000000000000000004d2,built_loss,0.6099783470288064,0.5808676571676136,0.6464911137466891,0.6813594343722333,0.5490019538136931,0.7738222501065727,recovering,recovering,recovering,recovering,recovering
000000000000000004d9,built_loss,0.5745541215686778,0.5377157488171149,0.6051317960240022,0.5210972019508503,0.5053603166456482,0.5405657187403456,recovering,recovering,recovering,recovering,indistinguishable
000000000000000004e7,crop_loss,0.4975443203869253,0.47324713295236304,0.5146005146318698,0.46832417538950555,0.4484073332230598,0.5056606989292285,indistinguishable,recovering,indistinguishable,indistinguishable,indistinguishable
000000000000000004e9,crop_loss,0.3313860559037743,0.2769106922685844,0.4559752448368311,0.4338916843950162,0.376869857253445,0.5246569059291601,degraded,degraded,indistinguishable,indistinguishable,indistinguishable
000000000000000004eb,built_loss,0.45957729657260077,0.4367719693034362,0.48171514609863997,0.5296463243852794,0.5019576688751889,0.5619741131472735,degraded,indistinguishable,indistinguishable,indistinguishable,indistinguishable
000000000000000004ee,crop_loss,0.3888558730030298,0.28417186576625575,0.46786603478514094,0.5108712565821065,0.4519201110050786,0.550935759100702,degraded,degraded,indistinguishable,indistinguishable,indistinguishable
000000000000000004f5,built_loss,0.4506053578846734,0.4196853891164478,0.4810609492507139,0.4796634346864405,0.44105964888198546,0.5400738462042898,degraded,indistinguishable,indistinguishable,indistinguishable,indistinguishable
000000000000000004f7,built_loss,0.4866655721096831,0.46849675560888027,0.5025372562069036,0.46949248498624296,0.42456722846831907,0.5253122999936358,indistinguishable,indistinguishable,indistinguishable,indistinguishable,indistinguishable
000000000000000004f9,crop_loss,0.3606658132286198,0.3024615270228278,0.4668032726779455,0.45704043365563723,0.4293867384002842,0.48656427327422336,degraded,degraded,indistinguishable,indistinguishable,indistinguishable
000000000000000004fe,built_loss,0.4970509721353862,0.4815447739627768,0.5186103112262619,0.5120540523136725,0.46781972162210955,0.5530951074416316,indistinguishable,recovering,indistinguishable,indistinguishable,indistinguishable
00000000000000000517,crop_loss,0.3038921327233812,0.23744788959376653,0.3492527322484371,0.679294084981486,0.6123750488495515,0.7265726122543814,degraded,degraded,degraded,degraded,recovering
0000000000000000051d,built_loss,0.5133369948162075,0.39401789346593397,0.6001194481194274,0.4072291364435222,0.3574138009257118,0.4883174214400201,indistinguishable,indistinguishable,indistinguishable,indistinguishable,indistinguishable
00000000000000000538,crop_loss,0.3009064776636643,0.27995728932297786,0.3203426498705758,0.45373469818375134,0.4177812657731772,0.506571239008327,degraded,degraded,degraded,degraded,indistinguishable
00000000000000000559,built_loss,0.684723151743099,0.655094319738318,0.7158573073101968,0.6179991488772391,0.5561015018997439,0.6727771428108523,recovering,recovering,recovering,recovering,recovering
00000000000000000576,built_loss,0.2852475530433028,0.24797167974516202,0.30782013139123166,0.3356643928167644,0.2559512730550023,0.3924152179434495,degraded,degraded,degraded,degraded,degraded
00000000000000000577,built_loss,0.4691748755173136,0.4181560609492211,0.5233170275061063,0.37455927400318884,0.35022805354301234,0.4526149918987205,indistinguishable,indistinguishable,indistinguishable,indistinguishable,indistinguishable
0000000000000000057e,crop_loss,0.5385314487264147,0.5241196117344711,0.5571960913668738,0.5193407525650449,0.49445601808271383,0.5408200718551979,recovering,recovering,recovering,indistinguishable,indistinguishable
0000000000000000057f,built_loss,0.42102425618735745,0.3876776903330635,0.4646075775384275,0.4750219311707444,0.38698880037157385,0.5729549231382518,degraded,degraded,indistinguishable,indistinguishable,indistinguishable
00000000000000000594,built_loss,0.505840212529389,0.4100787624546142,0.6101840664795467,0.4651098504226919,0.3298892371385078,0.5835126946996672,indistinguishable,indistinguishable,indistinguishable,indistinguishable,indistinguishable
000000000000000005ad,built_loss,0.6656856203494744,0.6272081656485315,0.6900931528830183,0.5558624663209015,0.5331811907795623,0.577834058717494,recovering,recovering,recovering,recovering,indistinguishable
000000000000000005bd,built_loss,0.5724746907054712,0.5344085524382778,0.6209454888301839,0.5760560813562622,0.5298695421943243,0.6071691078342714,recovering,recovering,recovering,recovering,indistinguishable
000000000000000005bf,built_loss,0.39570026902999805,0.35696600801992456,0.4191500641062617,0.45301255985973005,0.4158785750771479,0.4914368219102401,degraded,degraded,degraded,indistinguishable,indistinguishable
000000000000000005cc,built_loss,0.3529357357612959,0.3302572869835225,0.37694116867870014,0.360545015090623,0.3042973989688683,0.4229316715176921,degraded,degraded,degraded,degraded,degraded
000000000000000005d1,crop_loss,0.14254819251967218,0.1206039443146157,0.20410480262741693,0.46653387810945074,0.40529841235969977,0.5189450796423635,degraded,degraded,degraded,degraded,indistinguishable
000000000000000005de,built_loss,0.44525085906362166,0.4188419549150171,0.46354259340882403,0.44609921757111626,0.4072204373679074,0.4799380240604246,degraded,degraded,indistinguishable,indistinguishable,indistinguishable
000000000000000005e7,built_loss,0.6525479658247079,0.5822267308668965,0.680325106490028,0.4884262690305424,0.4412379679883871,0.5401761561759697,recovering,recovering,recovering,recovering,indistinguishable
000000000000000005f9,built_loss,0.6262308378266901,0.5569113797283614,0.685760500519305,0.5356673283349787,0.46106855609153835,0.5856276200262949,recovering,recovering,recovering,recovering,indistinguishable
00000000000000000611,crop_loss,0.6635260058662016,0.6289724675949632,0.6924033285616872,0.6340443506955413,0.6020135225139027,0.6585577718562015,recovering,recovering,recovering,recovering,recovering
0000000000000000061c,built_loss,0.40738948898302835,0.37933886991258003,0.4394182551256731,0.3903997706054668,0.29606345232895603,0.49157161285883844,degraded,degraded,indistinguishable,indistinguishable,indistinguishable
00000000000000000624,built_loss,0.49855119202106407,0.45505238871982984,0.5426733765006703,0.4689447932259191,0.42963104185791384,0.5207565954870654,indistinguishable,indistinguishable,indistinguishable,indistinguishable,indistinguishable
00000000000000000626,built_loss,0.5038014716831825,0.48177363791468464,0.526430782824895,0.4777765951183919,0.41064116264856027,0.552681313662569,indistinguishable,recovering,indistinguishable,indistinguishable,indistinguishable
0000000000000000062a,built_loss,0.5667409151185734,0.5335050256334649,0.6047872530082322,0.4705449079956247,0.43059089402545164,0.5130258690827751,recovering,recovering,recovering,recovering,indistinguishable
0000000000000000062f,crop_loss,0.4504569542577955,0.3773165036533897,0.5135587362220941,0.5155364299270606,0.44704578792532657,0.5917138961889452,indistinguishable,indistinguishable,indistinguishable,indistinguishable,indistinguishable
00000000000000000632,crop_loss,0.07701254822090596,0.06426155244463344,0.09077495439367973,0.295037146650717,0.23121973076120445,0.34519843754422014,degraded,degraded,degraded,degraded,degraded
00000000000000000636,built_loss,0.5021887489485638,0.40716124896766276,0.5721951418419932,0.5848197275002893,0.5521591994518051,0.6155312050258485,indistinguishable,indistinguishable,indistinguishable,indistinguishable,recovering
0000000000000000063e,crop_loss,0.3011323999569301,0.2744477670287752,0.3331438392012155,0.4409742820036607,0.3917129321012376,0.5111436104797148,degraded,degraded,degraded,degraded,indistinguishable
0000000000000000064a,built_loss,0.29369685374244575,0.2712527613656327,0.3146240515068464,0.27003207631798637,0.23069267416479838,0.3009515640594037,degraded,degraded,degraded,degraded,degraded
0000000000000000064d,built_loss,0.45297309509870315,0.4124177968228163,0.4962444302413466,0.433554731054444,0.38585713601679916,0.4848576394873427,degraded,indistinguishable,indistinguishable,indistinguishable,indistinguishable
00000000000000000655,crop_loss,0.5072721853525394,0.3807352637023304,0.5968947887785043,0.6051403011271488,0.5146388281704545,0.6899352961751748,indistinguishable,indistinguishable,indistinguishable,indistinguishable,indistinguishable
00000000000000000694,built_loss,0.36962407525025576,0.3536142625469171,0.39092112566629833,0.3582137714754887,0.27951851767104335,0.4348812033377416,degraded,degraded,degraded,degraded,degraded
00000000000000000697,crop_loss,0.6232506422547099,0.5764973582517287,0.657966822084648,0.5487665079185868,0.48281779683985226,0.6328619283081665,recovering,recovering,recovering,recovering,indistinguishable
00000000000000000698,crop_loss,0.4220623891515007,0.39012114376679907,0.4598076611463193,0.48648917262894503,0.45152875800904385,0.5321317534524921,degraded,degraded,indistinguishable,indistinguishable,indistinguishable
0000000000000000069d,built_loss,0.6567461844194507,0.6250629785415748,0.6839446832397109,0.5870585524565081,0.538129800607659,0.629069869729216,recovering,recovering,recovering,recovering,indistinguishable
000000000000000006a8,crop_loss,0.30258547725811863,0.26441775613474783,0.3366716751945795,0.37474911718161114,0.32505177878121655,0.43693829818058344,degraded,degraded,degraded,degraded,degraded
000000000000000006b4,crop_loss,0.5260506773701435,0.4707313335545918,0.5839069861696147,0.600940230525721,0.500671130026443,0.6581681175959356,indistinguishable,indistinguishable,indistinguishable,indistinguishable,indistinguishable
000000000000000006b7,built_loss,0.4627099297657802,0.4404505001861351,0.49888467812515164,0.4364420717110297,0.38579381060149437,0.4986534231966329,degraded,indistinguishable,indistinguishable,indistinguishable,indistinguishable
000000000000000006be,crop_loss,0.41579279278416664,0.381009870053876,0.45060898064538457,0.4375291614062763,0.406603119404987,0.47693630598647474,degraded,degraded,indistinguishable,indistinguishable,indistinguishable
000000000000000006c0,crop_loss,0.18681851102253091,0.1640424271874248,0.21858317855993,0.36945452965226044,0.32354621442903,0.4453008956282522,degraded,degraded,degraded,degraded,indistinguishable
000000000000000006cc,crop_loss,0.34026528135047746,0.3181018222809722,0.36355375901117115,0.435791011448932,0.4038179607322444,0.46929271052620997,degraded,degraded,degraded,degraded,indistinguishable
000000000000000006ce,crop_loss,0.5805988982688876,0.48776344362799623,0.6312739207560657,0.5234080517061241,0.4798653969249623,0.5652606085895169,indistinguishable,recovering,indistinguishable,indistinguishable,indistinguishable
000000000000000006d9,crop_loss,0.1903515173556219,0.16540822794484059,0.22772963248713496,0.32083725303316823,0.2976975834903583,0.34562624148663806,degraded,degraded,degraded,degraded,degraded
000000000000000006df,built_loss,0.24863286991022557,0.21634622011120586,0.30360544430100156,0.46443569700049775,0.36749288699890953,0.5563231444634004,degraded,degraded,degraded,degraded,indistinguishable
000000000000000006e3,built_loss,0.42641190650134236,0.3823792638065392,0.4841772281034626,0.6186917023269751,0.519334227027954,0.6641625533930564,degraded,indistinguishable,indistinguishable,indistinguishable,indistinguishable
000000000000000006e5,crop_loss,0.5280159488960374,0.4725067234558865,0.5767556709716645,0.5028452698033601,0.44489590070583745,0.5877622999404047,indistinguishable,indistinguishable,indistinguishable,indistinguishable,indistinguishable
