parent_id,parent_label,dor_median_v2,category_v2,dor_knn,dor_median_v3,category_knn,category_median,dor_change,changed
00000000000000000001,built_loss,0.4457660778568862,degraded,0.519907304505465,0.4457660778568862,indistinguishable,degraded,0.07414122664857875,True
00000000000000000049,built_loss,0.4931784321263063,indistinguishable,0.3279500614668739,0.4931784321263063,indistinguishable,indistinguishable,-0.1652283706594324,False
0000000000000000004a,built_loss,0.4399635974690063,degraded,0.4571906015517337,0.4399635974690063,indistinguishable,degraded,0.01722700408272737,True
0000000000000000004f,built_loss,0.4338715639144099,degraded,0.3625847066084168,0.4338715639144099,degraded,degraded,-0.0712868573059931,False
0000000000000000005a,built_loss,0.4341876403329874,degraded,0.4636116898155982,0.4341876403329874,indistinguishable,degraded,0.029424049482610792,True
00000000000000000079,built_loss,0.610284403541861,recovering,0.6576939448147957,0.610284403541861,recovering,recovering,0.04740954127293473,False
00000000000000000085,built_loss,0.3935463838584332,degraded,0.2467093246192367,0.3935463838584332,degraded,degraded,-0.14683705923919652,False
00000000000000000087,built_loss,0.5266498190547633,indistinguishable,0.4303723624417322,0.5266498190547633,indistinguishable,indistinguishable,-0.09627745661303105,False
000000000000000000a1,built_loss,0.4493490161217572,degraded,0.3973405938541909,0.4493490161217572,degraded,degraded,-0.0520084222675663,False
000000000000000000b8,built_loss,0.5311818475002759,indistinguishable,0.3426513157619865,0.5311818475002759,degraded,indistinguishable,-0.18853053173828938,True
000000000000000000c0,built_loss,0.6135637693591418,recovering,0.6294820557826859,0.6135637693591418,recovering,recovering,0.015918286423544092,False
000000000000000000e2,built_loss,0.3793295411885945,degraded,0.5103674773184775,0.3793295411885945,indistinguishable,degraded,0.13103793612988301,True
000000000000000000f0,built_loss,0.6679900963561605,recovering,0.6489883367608036,0.6679900963561605,recovering,recovering,-0.019001759595356882,False
000000000000000000f8,built_loss,0.5584459640469653,recovering,0.537087228551852,0.5584459640469653,indistinguishable,recovering,-0.021358735495113357,True
00000000000000000114,built_loss,0.6814796386966279,recovering,0.5324914029571705,0.6814796386966279,indistinguishable,recovering,-0.1489882357394574,True
0000000000000000011c,built_loss,0.7250914899770797,recovering,0.6754856463400416,0.7250914899770797,recovering,recovering,-0.04960584363703813,False
00000000000000000151,built_loss,0.2572199409406152,degraded,0.1643209555294352,0.2572199409406152,degraded,degraded,-0.09289898541117997,False
00000000000000000161,built_loss,0.6669426699012915,recovering,0.7540377787248473,0.6669426699012915,recovering,recovering,0.08709510882355587,False
0000000000000000016a,built_loss,0.2475365050003912,degraded,0.0502469071434678,0.2475365050003912,degraded,degraded,-0.1972895978569234,False
00000000000000000176,built_loss,0.6577268895390618,recovering,0.5006028040910563,0.6577268895390618,indistinguishable,recovering,-0.1571240854480055,True
000000000000000001a8,built_loss,0.5869390663134306,recovering,0.4658644837640325,0.5869390663134306,indistinguishable,recovering,-0.12107458254939812,True
000000000000000001be,built_loss,0.5139802074309038,indistinguishable,0.5844148937362947,0.5139802074309038,recovering,indistinguishable,0.07043468630539096,True
000000000000000001cd,built_loss,0.7599614133742899,recovering,0.6835539060739005,0.7599614133742899,recovering,recovering,-0.07640750730038937,False
000000000000000001e5,built_loss,0.5440990904736995,recovering,0.6646592934440602,0.5440990904736995,recovering,indistinguishable,0.12056020297036063,False
00000000000000000206,built_loss,0.7470837853266461,recovering,0.4258230934138856,0.7470837853266461,indistinguishable,recovering,-0.3212606919127605,True
00000000000000000209,built_loss,0.600126269845666,recovering,0.688692519407157,0.600126269845666,recovering,recovering,0.08856624956149106,False
00000000000000000231,built_loss,0.5079632442802016,indistinguishable,0.502321611988523,0.5079632442802016,indistinguishable,indistinguishable,-0.005641632291678578,False
0000000000000000024c,built_loss,0.7157987079804445,recovering,0.6632592635982184,0.7157987079804445,recovering,recovering,-0.05253944438222613,False
0000000000000000026d,built_loss,0.5813015845916578,recovering,0.6099095656070448,0.5813015845916578,recovering,recovering,0.028607981015386974,False
00000000000000000278,built_loss,0.7927442142022334,recovering,0.587380500729972,0.7927442142022334,indistinguishable,recovering,-0.20536371347226134,True
00000000000000000293,built_loss,0.499497522010921,indistinguishable,0.5027243879090834,0.499497522010921,indistinguishable,indistinguishable,0.0032268658981623455,False
000000000000000002a4,built_loss,0.4113313291342232,degraded,0.4333562213030799,0.4113313291342232,indistinguishable,degraded,0.02202489216885667,True
00000000000000000316,built_loss,0.1189497311010705,degraded,0.1210535939915515,0.1189497311010705,degraded,degraded,0.0021038628904809925,False
0000000000000000034d,built_loss,0.4127644319166293,degraded,0.5600078097890269,0.4127644319166293,indistinguishable,degraded,0.14724337787239755,True
00000000000000000356,built_loss,0.4757208579676072,indistinguishable,0.3634762804194012,0.4757208579676072,degraded,indistinguishable,-0.11224457754820599,True
00000000000000000362,built_loss,0.578149959672384,recovering,0.5818582305964286,0.578149959672384,indistinguishable,recovering,0.0037082709240445766,True
00000000000000000363,built_loss,0.2523768279986098,degraded,0.2554424098448962,0.2523768279986098,degraded,degraded,0.0030655818462864137,False
00000000000000000364,built_loss,0.6192298588967509,recovering,0.6767381180893309,0.6192298588967509,recovering,recovering,0.05750825919258007,False
00000000000000000375,built_loss,0.6636427916295601,recovering,0.5757091019003738,0.6636427916295601,indistinguishable,recovering,-0.08793368972918625,True
00000000000000000380,built_loss,0.4943172447382904,indistinguishable,0.5262682338384377,0.4943172447382904,recovering,indistinguishable,0.031950989100147265,True
00000000000000000384,built_loss,0.5942720153739336,recovering,0.6696496544041395,0.5942720153739336,recovering,recovering,0.07537763903020589,False
0000000000000000039e,built_loss,0.5119224468680891,indistinguishable,0.5133928727337365,0.5119224468680891,indistinguishable,indistinguishable,0.0014704258656473845,False
000000000000000003a1,built_loss,0.597156473421793,recovering,0.5434793784278694,0.597156473421793,indistinguishable,recovering,-0.05367709499392359,True
000000000000000003a5,built_loss,0.3787233533241222,degraded,0.4035624941466396,0.3787233533241222,indistinguishable,degraded,0.02483914082251737,True
000000000000000003b7,built_loss,0.481176483284915,indistinguishable,0.5326091633390402,0.481176483284915,indistinguishable,degraded,0.05143268005412516,False
000000000000000003bf,built_loss,0.5275568349855334,indistinguishable,0.5994028961794254,0.5275568349855334,recovering,indistinguishable,0.07184606119389203,True
000000000000000003d2,built_loss,0.5902530908897715,recovering,0.5265148302608456,0.5902530908897715,indistinguishable,recovering,-0.06373826062892596,True
000000000000000003f8,built_loss,0.2200028781710828,degraded,0.3146477988341558,0.2200028781710828,degraded,degraded,0.09464492066307298,False
000000000000000003fa,built_loss,0.4406429154372163,degraded,0.42226710844469,0.4406429154372163,indistinguishable,degraded,-0.018375806992526278,True
00000000000000000407,built_loss,0.5710881404030977,recovering,0.567965893179851,0.5710881404030977,indistinguishable,recovering,-0.0031222472232467213,True
0000000000000000040f,built_loss,0.5175390120208999,recovering,0.5286678510252397,0.5175390120208999,indistinguishable,recovering,0.011128839004339808,True
00000000000000000426,built_loss,0.5605947020251493,recovering,0.6286284094917065,0.5605947020251493,recovering,recovering,0.06803370746655724,False
0000000000000000042b,built_loss,0.5773600135560975,recovering,0.6230559937888103,0.5773600135560975,recovering,recovering,0.04569598023271282,False
00000000000000000442,built_loss,0.3252001137405086,degraded,0.4261925675295311,0.3252001137405086,indistinguishable,degraded,0.1009924537890225,True
00000000000000000465,built_loss,0.6502428139970662,recovering,0.7040235530299205,0.6502428139970662,recovering,recovering,0.0537807390328543,False
0000000000000000047e,built_loss,0.517086674082226,recovering,0.5022390492275712,0.517086674082226,indistinguishable,indistinguishable,-0.01484762485465474,True
00000000000000000490,built_loss,0.6385259020391865,recovering,0.5553900827966526,0.6385259020391865,indistinguishable,recovering,-0.08313581924253388,True
000000000000000004c0,built_loss,0.6610561807849182,recovering,0.5856211047927975,0.6610561807849182,recovering,recovering,-0.07543507599212074,False
000000000000000004c5,built_loss,0.5569497255512478,recovering,0.5919686993676249,0.5569497255512478,recovering,recovering,0.035018973816377086,False
000000000000000004d2,built_loss,0.6099783470288064,recovering,0.8349301893190813,0.6099783470288064,recovering,recovering,0.22495184229027487,False
000000000000000004d9,built_loss,0.5745541215686778,recovering,0.5423125767016832,0.5745541215686778,recovering,recovering,-0.0322415448669946,False
000000000000000004eb,built_loss,0.4595772965726007,degraded,0.5595915158518902,0.4595772965726007,recovering,degraded,0.10001421927928944,True
000000000000000004f5,built_loss,0.4506053578846734,degraded,0.4580158864562584,0.4506053578846734,indistinguishable,degraded,0.007410528571585029,True
000000000000000004f7,built_loss,0.4866655721096831,degraded,0.4375666140784961,0.4866655721096831,indistinguishable,indistinguishable,-0.04909895803118697,True
000000000000000004fe,built_loss,0.4970509721353862,indistinguishable,0.5246792810311285,0.4970509721353862,indistinguishable,indistinguishable,0.027628308895742304,False
0000000000000000051d,built_loss,0.5133369948162075,indistinguishable,0.3205150248075563,0.5133369948162075,degraded,indistinguishable,-0.19282197000865126,True
00000000000000000559,built_loss,0.684723151743099,recovering,0.729564898314503,0.684723151743099,recovering,recovering,0.04484174657140405,False
00000000000000000576,built_loss,0.2852475530433028,degraded,0.2131708447008433,0.2852475530433028,degraded,degraded,-0.0720767083424595,False
00000000000000000577,built_loss,0.4691748755173136,indistinguishable,0.2635118195570611,0.4691748755173136,degraded,indistinguishable,-0.20566305596025253,True
0000000000000000057f,built_loss,0.4210242561873574,degraded,0.4541917564446613,0.4210242561873574,indistinguishable,degraded,0.03316750025730392,True
00000000000000000594,built_loss,0.505840212529389,indistinguishable,0.4600061747026471,0.505840212529389,indistinguishable,indistinguishable,-0.04583403782674195,False
000000000000000005ad,built_loss,0.6656856203494744,recovering,0.610539006883736,0.6656856203494744,recovering,recovering,-0.05514661346573846,False
000000000000000005bd,built_loss,0.5724746907054712,recovering,0.6474056761557107,0.5724746907054712,recovering,recovering,0.07493098545023946,False
000000000000000005bf,built_loss,0.395700269029998,degraded,0.4059644005066963,0.395700269029998,degraded,degraded,0.010264131476698302,False
000000000000000005cc,built_loss,0.3529357357612959,degraded,0.2428737990295724,0.3529357357612959,degraded,degraded,-0.11006193673172349,False
000000000000000005de,built_loss,0.4452508590636216,degraded,0.3964791835641063,0.4452508590636216,degraded,degraded,-0.04877167549951533,False
000000000000000005e7,built_loss,0.6525479658247079,recovering,0.4784248736700252,0.6525479658247079,indistinguishable,recovering,-0.1741230921546827,True
000000000000000005f9,built_loss,0.6262308378266901,recovering,0.5789313340684433,0.6262308378266901,indistinguishable,recovering,-0.047299503758246764,True
0000000000000000061c,built_loss,0.4073894889830283,degraded,0.3050950563996551,0.4073894889830283,indistinguishable,degraded,-0.10229443258337317,True
00000000000000000624,built_loss,0.498551192021064,indistinguishable,0.4394839025258873,0.498551192021064,indistinguishable,indistinguishable,-0.0590672894951767,False
00000000000000000626,built_loss,0.5038014716831825,indistinguishable,0.4591184030577849,0.5038014716831825,indistinguishable,indistinguishable,-0.04468306862539756,False
0000000000000000062a,built_loss,0.5667409151185734,recovering,0.4439371424680422,0.5667409151185734,indistinguishable,recovering,-0.12280377265053116,True
00000000000000000636,built_loss,0.5021887489485638,indistinguishable,0.6634082326364356,0.5021887489485638,recovering,indistinguishable,0.16121948368787176,True
0000000000000000064a,built_loss,0.2936968537424457,degraded,0.1218627202682044,0.2936968537424457,degraded,degraded,-0.1718341334742413,False
0000000000000000064d,built_loss,0.4529730950987031,degraded,0.3701618002185084,0.4529730950987031,degraded,degraded,-0.08281129488019467,False
00000000000000000694,built_loss,0.3696240752502557,degraded,0.2512328691769114,0.3696240752502557,degraded,degraded,-0.1183912060733443,False
0000000000000000069d,built_loss,0.6567461844194507,recovering,0.665134401100033,0.6567461844194507,recovering,recovering,0.008388216680582317,False
000000000000000006b7,built_loss,0.4627099297657802,degraded,0.3750291149613138,0.4627099297657802,indistinguishable,degraded,-0.08768081480446638,True
000000000000000006df,built_loss,0.2486328699102255,degraded,0.4325119622858132,0.2486328699102255,indistinguishable,degraded,0.18387909237558767,True
000000000000000006e3,built_loss,0.4264119065013423,degraded,0.7227869658846536,0.4264119065013423,recovering,degraded,0.2963750593833113,True
00000000000000000011,crop_loss,0.730354391026093,recovering,0.5075783990934157,0.730354391026093,indistinguishable,indistinguishable,-0.22277599193267728,True
0000000000000000002b,crop_loss,0.1751743266164742,degraded,0.35838957284342,0.1751743266164742,degraded,degraded,0.1832152462269458,False
0000000000000000002d,crop_loss,0.4824669151948398,indistinguishable,0.4788230519868076,0.4824669151948398,indistinguishable,indistinguishable,-0.0036438632080322275,False
0000000000000000003a,crop_loss,0.3053277522367648,degraded,0.1943218949252305,0.3053277522367648,degraded,degraded,-0.11100585731153428,False
0000000000000000009b,crop_loss,0.4928844914718775,degraded,0.6263184877741312,0.4928844914718775,recovering,degraded,0.13343399630225372,True
0000000000000000009d,crop_loss,0.3740934465652373,degraded,0.3921930536618471,0.3740934465652373,degraded,degraded,0.018099607096609793,False
000000000000000000a8,crop_loss,0.2038031154052213,degraded,0.2863272089048388,0.2038031154052213,degraded,degraded,0.0825240934996175,False
000000000000000000da,crop_loss,0.7736581409080185,recovering,0.7556697188886987,0.7736581409080185,recovering,recovering,-0.017988422019319827,False
000000000000000000e3,crop_loss,0.4798904113809524,indistinguishable,0.4306779975664353,0.4798904113809524,indistinguishable,indistinguishable,-0.049212413814517075,False
000000000000000000e9,crop_loss,0.4038850602527873,degraded,0.4300731749190734,0.4038850602527873,indistinguishable,degraded,0.026188114666286066,True
0000000000000000011b,crop_loss,0.4579397245820312,degraded,0.4479688316396144,0.4579397245820312,indistinguishable,degraded,-0.00997089294241682,True
00000000000000000128,crop_loss,0.5288331148962316,recovering,0.6328720003665633,0.5288331148962316,recovering,recovering,0.10403888547033169,False
0000000000000000016c,crop_loss,0.4583489423814819,degraded,0.5388290868729937,0.4583489423814819,indistinguishable,indistinguishable,0.0804801444915118,True
00000000000000000192,crop_loss,0.5633278845993202,recovering,0.5313023035304535,0.5633278845993202,indistinguishable,recovering,-0.03202558106886666,True
00000000000000000196,crop_loss,0.2438537879987322,degraded,0.423522585111176,0.2438537879987322,degraded,degraded,0.17966879711244382,False
000000000000000001a6,crop_loss,0.2722528888927655,degraded,0.3072940194944921,0.2722528888927655,degraded,degraded,0.03504113060172659,False
000000000000000001e4,crop_loss,0.4913037704735231,indistinguishable,0.5764893673575271,0.4913037704735231,indistinguishable,indistinguishable,0.08518559688400401,False
000000000000000001f9,crop_loss,0.6664625013811083,indistinguishable,0.6229329738829119,0.6664625013811083,recovering,indistinguishable,-0.043529527498196385,True
00000000000000000228,crop_loss,0.5198097367504713,indistinguishable,0.5799148221998032,0.5198097367504713,indistinguishable,indistinguishable,0.06010508544933191,False
00000000000000000281,crop_loss,0.5176650907595726,indistinguishable,0.5066440967184374,0.5176650907595726,indistinguishable,indistinguishable,-0.011020994041135213,False
0000000000000000028c,crop_loss,0.3104154821610825,degraded,0.5642265920922445,0.3104154821610825,indistinguishable,degraded,0.25381110993116196,True
0000000000000000028d,crop_loss,0.6692487482339626,recovering,0.6017424818492959,0.6692487482339626,recovering,recovering,-0.06750626638466672,False
00000000000000000291,crop_loss,0.8818759387456236,recovering,0.754153680162847,0.8818759387456236,recovering,recovering,-0.12772225858277664,False
000000000000000002c5,crop_loss,0.3441023383401047,degraded,0.3734532632738412,0.3441023383401047,degraded,degraded,0.029350924933736533,False
000000000000000002cc,crop_loss,0.4563905792626592,indistinguishable,0.3633666483224115,0.4563905792626592,degraded,indistinguishable,-0.09302393094024769,True
000000000000000002dc,crop_loss,0.651471001951427,recovering,0.4785765492005736,0.651471001951427,indistinguishable,recovering,-0.17289445275085347,True
000000000000000002e4,crop_loss,0.3215288910092207,degraded,0.4441660833037061,0.3215288910092207,degraded,degraded,0.12263719229448539,False
000000000000000002ec,crop_loss,0.5167196172342085,indistinguishable,0.4697102057912404,0.5167196172342085,indistinguishable,indistinguishable,-0.04700941144296805,False
00000000000000000314,crop_loss,0.096140839939907,degraded,0.2809376040817673,0.096140839939907,degraded,degraded,0.1847967641418603,False
00000000000000000335,crop_loss,0.4512135685041144,degraded,0.4686371536947968,0.4512135685041144,indistinguishable,degraded,0.017423585190682378,True
0000000000000000033a,crop_loss,0.530596993006267,indistinguishable,0.506106152231884,0.530596993006267,indistinguishable,indistinguishable,-0.024490840774382905,False
000000000000000003a2,crop_loss,0.3318222738535446,degraded,0.5186296104258252,0.3318222738535446,indistinguishable,degraded,0.1868073365722806,True
000000000000000003b0,crop_loss,0.2272068301840649,degraded,0.4144457498543223,0.2272068301840649,indistinguishable,degraded,0.1872389196702574,True
000000000000000003c7,crop_loss,0.712501564649952,recovering,0.6474031793080017,0.712501564649952,recovering,recovering,-0.06509838534195023,False
000000000000000003c8,crop_loss,0.197128335650362,degraded,0.0544951152808757,0.197128335650362,degraded,degraded,-0.1426332203694863,False
000000000000000003f1,crop_loss,0.4784585813400513,indistinguishable,0.5860399674605622,0.4784585813400513,recovering,indistinguishable,0.10758138612051088,True
000000000000000003f2,crop_loss,0.4900789039231681,indistinguishable,0.4158972088435276,0.4900789039231681,indistinguishable,indistinguishable,-0.07418169507964051,False
0000000000000000044b,crop_loss,0.5772634636816566,recovering,0.6251023301736792,0.5772634636816566,recovering,recovering,0.047838866492022625,False
0000000000000000046c,crop_loss,0.5108820253407497,indistinguishable,0.4075616069570841,0.5108820253407497,indistinguishable,indistinguishable,-0.10332041838366557,False
00000000000000000480,crop_loss,0.8647773557856236,recovering,0.93613339071713,0.8647773557856236,recovering,recovering,0.07135603493150633,False
00000000000000000483,crop_loss,0.7528212781559955,recovering,0.6416365354649404,0.7528212781559955,indistinguishable,recovering,-0.11118474269105516,True
00000000000000000485,crop_loss,0.7024702721367897,recovering,0.6569816350233952,0.7024702721367897,recovering,recovering,-0.04548863711339446,False
00000000000000000497,crop_loss,0.2344446290200766,degraded,0.2319357177662298,0.2344446290200766,degraded,degraded,-0.0025089112538468072,False
0000000000000000049b,crop_loss,0.362081465925387,degraded,0.3677001255609012,0.362081465925387,degraded,degraded,0.005618659635514223,False
000000000000000004a1,crop_loss,0.3478135502672949,degraded,0.4513566995947025,0.3478135502672949,indistinguishable,degraded,0.1035431493274076,True
000000000000000004e7,crop_loss,0.4975443203869253,indistinguishable,0.4371158102182063,0.4975443203869253,indistinguishable,indistinguishable,-0.06042851016871903,False
000000000000000004e9,crop_loss,0.3313860559037743,degraded,0.3752017214585443,0.3313860559037743,indistinguishable,degraded,0.04381566555477001,True
000000000000000004ee,crop_loss,0.3888558730030298,degraded,0.5219677525501357,0.3888558730030298,indistinguishable,degraded,0.1331118795471059,True
000000000000000004f9,crop_loss,0.3606658132286198,degraded,0.4156811346849212,0.3606658132286198,degraded,degraded,0.05501532145630139,False
00000000000000000517,crop_loss,0.3038921327233812,degraded,0.8137456068248784,0.3038921327233812,recovering,degraded,0.5098534741014972,True
00000000000000000538,crop_loss,0.3009064776636643,degraded,0.4058626586478905,0.3009064776636643,indistinguishable,degraded,0.10495618098422621,True
0000000000000000057e,crop_loss,0.5385314487264147,recovering,0.5388153614883552,0.5385314487264147,indistinguishable,recovering,0.00028391276194050796,True
000000000000000005d1,crop_loss,0.1425481925196721,degraded,0.4292514020892353,0.1425481925196721,indistinguishable,degraded,0.2867032095695632,True
00000000000000000611,crop_loss,0.6635260058662016,recovering,0.7503929069700871,0.6635260058662016,recovering,recovering,0.08686690110388551,False
0000000000000000062f,crop_loss,0.4504569542577955,indistinguishable,0.5192499103245092,0.4504569542577955,indistinguishable,indistinguishable,0.06879295606671365,False
00000000000000000632,crop_loss,0.0770125482209059,degraded,0.1507152913470967,0.0770125482209059,degraded,degraded,0.07370274312619081,False
0000000000000000063e,crop_loss,0.3011323999569301,degraded,0.3817003942133006,0.3011323999569301,indistinguishable,degraded,0.08056799425637051,True
00000000000000000655,crop_loss,0.5072721853525394,indistinguishable,0.7047678808985985,0.5072721853525394,recovering,indistinguishable,0.19749569554605917,True
00000000000000000697,crop_loss,0.6232506422547099,recovering,0.5917717182746548,0.6232506422547099,indistinguishable,recovering,-0.03147892398005514,True
00000000000000000698,crop_loss,0.4220623891515007,degraded,0.4748320139896273,0.4220623891515007,indistinguishable,degraded,0.05276962483812664,True
000000000000000006a8,crop_loss,0.3025854772581186,degraded,0.2671366117267241,0.3025854772581186,degraded,degraded,-0.03544886553139448,False
000000000000000006b4,crop_loss,0.5260506773701435,indistinguishable,0.70058537293374,0.5260506773701435,recovering,indistinguishable,0.17453469556359646,True
000000000000000006be,crop_loss,0.4157927927841666,degraded,0.3784015557049882,0.4157927927841666,degraded,degraded,-0.03739123707917841,False
000000000000000006c0,crop_loss,0.1868185110225309,degraded,0.246165621114897,0.1868185110225309,degraded,degraded,0.05934711009236612,False
000000000000000006cc,crop_loss,0.3402652813504774,degraded,0.3719199601278487,0.3402652813504774,degraded,degraded,0.031654678777371326,False
000000000000000006ce,crop_loss,0.5805988982688876,indistinguishable,0.5451163456399601,0.5805988982688876,indistinguishable,indistinguishable,-0.03548255262892741,False
000000000000000006d9,crop_loss,0.1903515173556219,degraded,0.1819350925895245,0.1903515173556219,degraded,degraded,-0.008416424766097386,False
000000000000000006e5,crop_loss,0.5280159488960374,indistinguishable,0.4986373468876294,0.5280159488960374,indistinguishable,indistinguishable,-0.029378602008408028,False
