PLOTID,parent_id,longitude,latitude,group,ghm_aa
a125-05478641011118_66-93893834444498,,125.0547864101185,66.93893834440053,stable_natural,0.0011677079601213336
a-57-95402577900116_-31-58836234527722,,-57.9540257790022,-31.588362345266653,artificial_reversion,0.21915623545646667
a117-38994786834625_-35-01959003628577,,117.38994786834652,-35.01959003627204,stable_artificial,0.020064475014805794
a84-43920941334888_54-33137186637502,,84.43920941334498,54.331371866349365,stable_natural,0.01888125017285347
a88-38025159089558_21-93131086143084,,88.38025159089679,21.93131086141763,stable_natural,0.4344237148761749
a30-11571703729918_61-05606421188499,,30.11571703730513,61.05606421184501,artificial_reversion,0.366686075925827
a61-01306974821885_46-03121525713383,,61.013069748215656,46.03121525711404,stable_natural,0.027897851541638374
a118-2569859552004_35-01914755646465,,118.25698595520232,35.01914755644529,stable_artificial,0.8737959861755371
a-62-70704526909091_-32-25280114026047,,-62.70704526908901,-32.25280114024692,stable_artificial,0.4618018865585327
a-67-96774725096549_-43-39570000730074,,-67.96774725096309,-43.3957000072794,stable_natural,0.02728554792702198
a122-36262708021457_41-41670336908852,,122.362627080215,41.41670336907063,stable_artificial,0.4729416072368622
a20-70588074878618_-12-52001738268111,,20.705880748785063,-12.520017382676668,stable_natural,0.029174862429499626
a16-95892767855353_50-87016472841188,,16.958927678557245,50.87016472838712,stable_artificial,0.4253886044025421
a72-19303900892814_71-9917195405411,,72.19303900891433,71.99171954048543,artificial_reversion,0.13633422553539276
a64-46782730698568_39-85352511500201,,64.46782730698783,39.85352511498438,stable_artificial,0.7017638087272644
a98-67192721461701_3-59823614518745,,98.67192721461596,3.598236145185488,stable_natural,0.9862493872642517
a82-25570488831279_43-48332249117329,,82.25570488831559,43.48332249115882,stable_artificial,0.8573631048202515
a22-29429273886102_-13-38686647075512,,22.2942927388639,-13.386866470750563,stable_natural,0.022618204355239868
a50-00987431878753_58-67514537500033,,50.009874318792605,58.675145374965865,stable_natural,0.4062436819076538
a34-34333742992048_63-75420256918685,,34.34333742993569,63.7542025691411,stable_natural,1.0
a115-68755115143831_41-67117874515521,,115.6875511514411,41.67117874513579,artificial_reversion,0.9701049327850342
a-65-59882742194223_-22-08346090411997,,-65.59882742194253,-22.083460904112787,stable_artificial,0.9837400913238525
a77-72010756970491_14-42562939639426,,77.72010756970505,14.425629396388985,stable_natural,0.7286405563354492
a91-78462554518173_32-25378972958232,,91.78462554517998,32.25378972956956,stable_natural,0.08928196132183075
a76-38927781265038_18-16819273752149,,76.38927781264913,18.168192737508527,artificial_reversion,0.9438380599021912
a-70-34980860187487_-4-07666706056303,,-70.34980860187517,-4.0766670605577495,stable_natural,0.0024391983170062304
a113-89614357737386_22-81233333914278,,113.89614357737575,22.81233333912668,stable_natural,0.9594093561172485
a1-18982569569424_19-97741948596677,,1.1898256956924316,19.97741948595831,stable_natural,0.003675835905596614
a17-26715034950744_4-18728764441969,,17.26715034950682,4.187287644412811,stable_natural,0.05045405030250549
a147-97269370356702_-31-56310565659732,,147.97269370356946,-31.563105656582,stable_natural,0.2442145049571991
a117-30761321578686_34-27024492804633,,117.307613215789,34.27024492802941,stable_artificial,0.9379838109016418
a149-5555893577626_-34-14593658657794,,149.55558935776395,-34.14593658656207,stable_natural,0.39504390954971313
a148-27742549227085_-29-1105324715084,,148.2774254922706,-29.110532471491595,stable_natural,0.12251926958560944
a49-84751737461362_50-32620248230064,,49.84751737461659,50.32620248227471,stable_natural,0.02486199326813221
a103-78089825847198_29-45183284253211,,103.78089825847286,29.451832842520567,stable_artificial,0.9485553503036499
a35-06331228503376_-16-06607980134617,,35.06331228503393,-16.0660798013421,stable_artificial,0.6600927114486694
a125-03012419935366_45-96556970459262,,125.03012419935756,45.96556970456592,stable_artificial,0.25492462515830994
a-97-8217815520779_22-07948755276809,,-97.82178155207868,22.079487552758515,stable_natural,0.24710199236869812
a79-28575283068649_14-02031114214035,,79.2857528306856,14.020311142132954,stable_natural,0.36403629183769226
a111-78091602478126_51-06042954365569,,111.78091602478136,51.06042954363258,stable_artificial,0.5928338170051575
a13-33610477057694_13-66776078454281,,13.336104770578215,13.66776078453312,artificial_reversion,0.8312097191810608
a-39-04698934897492_-13-97340014016641,,-39.04698934897479,-13.97340014016208,stable_natural,0.022209184244275093
a102-21754568123622_12-39585430335188,,102.21754568123708,12.395854303345232,stable_natural,0.07975707948207855
a118-3397715284134_39-21821699869226,,118.3397715284176,39.218216998674045,stable_natural,0.2441214621067047
a-16-58988455867042_12-44433619938594,,-16.58988455866925,12.44433619938195,stable_artificial,0.3347912132740021
a88-21428030364659_21-87592907844104,,88.21428030364666,21.87592907842916,stable_natural,0.666380763053894
a24-99361522333608_61-41290467855504,,24.99361522334337,61.41290467851826,stable_natural,0.07598932832479477
a111-8288116287698_59-93552009882801,,111.82881162878216,59.935520098787165,stable_natural,0.002323710825294256
a30-51408471704023_60-15384602973698,,30.514084717046075,60.15384602969834,artificial_reversion,0.9651762843132019
a36-8413514836948_35-66021678881234,,36.841351483696656,35.660216788795864,stable_artificial,0.8001002073287964
a151-18920600478245_63-68905251100204,,151.18920600479018,63.689052510963336,stable_natural,0.003786857705563307
a120-71794667372198_31-4815732983018,,120.71794667372244,31.481573298287664,artificial_reversion,0.9884874224662781
a6-106366113031_4-39349985888739,,6.106366113031781,4.393499858885921,stable_natural,0.005624738056212664
a79-18648804581899_11-48878484776656,,79.1864880458194,11.488784847763412,stable_artificial,0.7094459533691406
a-40-13392789957871_-7-63322429417221,,-40.133927899580456,-7.633224294166862,stable_natural,0.13871769607067108
a92-34698574537128_29-3737706608009,,92.34698574537278,29.373770660785137,stable_natural,0.1608452945947647
a8-49732254032217_35-80777686675205,,8.497322540323179,35.807776866738585,stable_artificial,0.5350111722946167
a116-4382080671948_39-53887952313858,,116.43820806719576,39.53887952312171,artificial_reversion,0.7021182775497437
a-71-43477742878835_-33-79140830728281,,-71.43477742878932,-33.791408307266494,artificial_reversion,0.4366055727005005
a32-08266301972837_18-10282644660854,,32.08266301973002,18.10282644659984,stable_natural,0.00449789734557271
a10-41190190194176_59-74878190011953,,10.411901901953543,59.74878190007762,stable_artificial,0.9289928078651428
a108-74305473367842_34-02427704646406,,108.7430547336786,34.024277046453776,stable_artificial,0.8424932956695557
a55-19105625114087_57-67355312395441,,55.19105625114512,57.673553123923725,stable_natural,0.7068192362785339
a125-0464385003917_47-14671991414567,,125.04643850039632,47.14671991412064,stable_artificial,0.9320311546325684
a102-09790459196996_71-9705195343095,,102.09790459198828,71.97051953424949,stable_natural,0.0005049026804044843
a147-05697141180198_-32-93196054184592,,147.0569714118007,-32.93196054182827,stable_natural,0.3624548614025116
a1-96216143369881_36-56555601787826,,1.962161433699704,36.56555601785915,stable_artificial,0.6510867476463318
a75-74624069965725_29-13278932066345,,75.74624069965756,29.13278932065021,stable_artificial,0.9903616905212402
a57-28250072406455_65-1339695071075,,57.28250072406591,65.13396950707323,stable_natural,0.2894083261489868
a104-19481041907092_30-71771433438294,,104.19481041907164,30.71771433437172,artificial_reversion,0.9522485136985779
a-49-94073331755087_-17-74742273450178,,-49.94073331755112,-17.747422734490957,stable_natural,0.3578167259693146
a-9-69217345678752_29-88179365128062,,-9.692173456785191,29.88179365126505,stable_natural,0.46514180302619934
a41-02589411314377_-1-9027576997076,,41.02589411314445,-1.902757699708224,stable_natural,0.0011996926041319966
a90-01708123687638_22-5488585220224,,90.01708123687604,22.54885852201252,stable_natural,
a72-67311295410269_21-18860613106223,,72.67311295410288,21.18860613105252,stable_artificial,0.5167160034179688
a-15-79415986813857_11-93414075074968,,-15.794159868138664,11.934140750747794,stable_natural,0.3325784206390381
a-72-61841925816354_-38-74204788079129,,-72.61841925816304,-38.74204788077503,stable_artificial,0.9904579520225525
a75-51052522929429_13-60730707782965,,75.51052522929497,13.607307077823329,stable_natural,0.7583532333374023
a68-6986673774039_25-57275588134317,,68.69866737740318,25.57275588133137,stable_natural,0.9038255214691162
a79-8515347844171_18-71727959622539,,79.85153478441762,18.717279596219647,stable_natural,0.11793097853660583
a116-60407927475796_39-95156537936788,,116.60407927475951,39.951565379350725,artificial_reversion,0.9675902128219604
a10-3234804388343_60-15895710685786,,10.323480438847287,60.15895710681921,stable_artificial,0.7370457053184509
a21-94610355418541_-7-42637499047601,,21.946103554182088,-7.426374990474292,artificial_reversion,0.7353760600090027
a112-4647978312094_25-82681645042455,,112.46479783121086,25.82681645041465,stable_natural,0.3384385108947754
a-11-0113028311791_19-95596276321141,,-11.01130283117534,19.955962763200425,stable_natural,0.002821308560669422
a59-99295600631994_37-70448700464445,,59.9929560063229,37.7044870046299,stable_natural,0.006857382133603096
a10-32780332082732_51-35608327074889,,10.327803320834896,51.35608327071995,stable_natural,0.464726060628891
a112-65786427250389_26-92651544113225,,112.65786427250384,26.92651544111824,artificial_reversion,0.941159725189209
a140-40170564061614_-37-31319662520643,,140.40170564061393,-37.31319662519499,stable_natural,0.07205239683389664
a31-67159699373333_30-71765522728348,,31.67159699372931,30.71765522726969,stable_natural,0.9893277287483215
a87-45883888303946_43-64606002725932,,87.45883888303834,43.64606002724442,artificial_reversion,0.9397260546684265
a-35-25396175843946_-5-93113334919752,,-35.253961758441534,-5.931133349191491,stable_natural,0.4578375518321991
a9-05908374223747_36-59191178379702,,9.059083742237506,36.5919117837865,stable_artificial,0.7515689134597778
a147-68924420894723_-33-17241958945219,,147.68924420894717,-33.172419589437546,stable_natural,0.3781234323978424
a109-99832316474657_40-73871405442111,,109.9983231647458,40.73871405440822,stable_natural,0.5137327909469604
a106-64028707612997_21-38870025760428,,106.64028707612968,21.388700257595588,stable_artificial,0.711159348487854
a44-98172467235352_34-67952135658458,,44.981724672356094,34.67952135656705,stable_artificial,0.5777842998504639
a28-34197136140881_59-19932380369206,,28.341971361418445,59.19932380365057,stable_natural,0.42812857031822205
a12-28649903535205_61-31977840738114,,12.286499035345232,61.319778407344856,stable_artificial,0.26150161027908325
a43-13837182044031_56-9263665650893,,43.13837182044748,56.92636656505809,stable_natural,0.2541959285736084
a-48-55213114627097_-21-56663469751157,,-48.55213114627151,-21.566634697502288,stable_artificial,0.2459152489900589
a21-48448505608636_60-95614595884945,,21.48448505609803,60.95614595880831,stable_natural,0.9273342490196228
a116-72028987488714_39-10940486495293,,116.7202898748892,39.109404864934646,stable_artificial,0.9820870757102966
a54-65991654743195_26-75333202984852,,54.6599165474343,26.753332029838525,stable_natural,0.09073249995708466
a64-51042370371017_52-73349843673726,,64.51042370371313,52.7334984367105,stable_natural,0.37888461351394653
a-60-14921530439973_-21-37737252730228,,-60.14921530439918,-21.37737252728966,stable_natural,0.0041981893591582775
a61-86202603012531_57-71576220514819,,61.86202603012338,57.71576220511891,stable_natural,0.4664192795753479
a-112-2026044465809_53-34806404643479,,-112.20260444658248,53.348064046411736,stable_natural,0.38598746061325073
a9-39183989159145_61-89641664952897,,9.391839891603844,61.89641664948528,stable_natural,1.0
a35-31591403153429_47-58454780540672,,35.31591403153664,47.584547805383735,stable_natural,0.119426429271698
a-83-31970690899713_15-01159588443764,,-83.31970690899605,15.011595884428663,stable_natural,0.0027039111591875553
a5-55791819302814_35-97036852651125,,5.557918193029457,35.97036852648766,artificial_reversion,0.32010793685913086
a96-26127052884372_16-61275853008035,,96.2612705288442,16.612758530074455,stable_natural,0.8338192701339722
a-54-09581281438785_-14-94724884545907,,-54.095812814386406,-14.947248845451435,stable_natural,0.5159731507301331
a-79-61690882137655_-2-39379178884669,,-79.6169088213754,-2.3937917888419022,stable_natural,0.44570252299308777
a58-35089904909993_50-56941366729988,,58.35089904910096,50.56941366727534,stable_natural,0.42012229561805725
a76-02178124557348_14-33785285198865,,76.02178124557466,14.3378528519863,stable_natural,0.4533350467681885
a105-86850935741847_53-87769617973204,,105.8685093574252,53.87769617970086,stable_natural,0.3671194314956665
a10-16649125618953_59-27983573503775,,10.166491256201892,59.27983573499909,stable_natural,0.4371044635772705
a44-74305568124137_33-77986955586815,,44.74305568124372,33.77986955585067,stable_natural,0.3609040379524231
a42-78493546789338_61-14087253344981,,42.78493546790077,61.14087253341317,stable_natural,0.3807509243488312
a90-68573923874952_22-49937268553938,,90.68573923874814,22.49937268552742,stable_natural,0.24516674876213074
a-97-73239378243493_18-40014926618029,,-97.73239378243396,18.400149266176555,stable_natural,0.8654826879501343
a107-06275046805636_22-13158562922732,,107.06275046805794,22.13158562921999,stable_artificial,0.9880959391593933
a38-20554578638486_48-865018938321,,38.20554578638464,48.86501893829798,stable_natural,0.4773317575454712
a87-83081999014841_25-19795658509195,,87.83081999014914,25.19795658507892,artificial_reversion,0.7256047129631042
a35-90697592358902_47-45220557551557,,35.906975923590764,47.452205575491945,stable_natural,0.3812631070613861
a46-65314785149186_24-7106994888045,,46.6531478514937,24.71069948879262,stable_natural,0.9851948022842407
a13-05500219690497_30-06565356868604,,13.05500219690433,30.065653568676176,stable_natural,0.0033025580924004316
a77-82271177256824_22-77219287186887,,77.8227117725711,22.77219287185399,stable_natural,0.4392978250980377
a-156-1519468876667_58-8440637521399,,-156.15194688766124,58.8440637521072,stable_natural,0.006176523864269257
a106-6653374086986_10-52845225769557,,106.66533740870048,10.528452257686926,stable_natural,0.6499803066253662
a76-68907027228776_13-07350389798523,,76.68907027228649,13.073503897979904,stable_natural,0.6728827953338623
a-98-56142288438117_34-66515531368676,,-98.56142288437908,34.66515531367013,stable_natural,0.08717815577983856
a72-37157096188946_24-34200798589217,,72.37157096188952,24.342007985884848,stable_natural,0.42513924837112427
a99-1113291177745_7-7756286685202,,99.11132911777268,7.775628668517969,stable_natural,0.01518151257187128
a59-1189980365155_56-84695259904721,,59.11899803652554,56.84695259901312,stable_natural,0.21810539066791534
a-112-30671687140332_41-78772146038906,,-112.30671687140372,41.78772146036965,stable_natural,0.3843197524547577
a-58-10762626506711_-34-8748966259621,,-58.10762626506249,-34.87489662594723,artificial_reversion,0.7170117497444153
a8-6363356442504_59-50724976873421,,8.636335644259429,59.50724976870153,stable_natural,0.2962047755718231
a-60-38066755581971_-37-70951150749919,,-60.38066755581623,-37.70951150748213,stable_natural,0.5379420518875122
a138-77002828971817_-32-70168587275412,,138.77002828971905,-32.70168587273996,stable_natural,0.35499224066734314
a106-32650188705142_10-30119773026291,,106.32650188704828,10.30119773026118,stable_artificial,0.7504622936248779
a7-84738671546957_35-30769185401932,,7.8473867154694865,35.30769185400366,stable_natural,0.23152606189250946
a31-45967868606552_1-21184595779284,,31.459678686064937,1.211845957789374,stable_natural,0.30388176441192627
a78-63456661043028_11-18305565186753,,78.6345666104317,11.183055651860942,stable_natural,0.6847215890884399
a119-28644748698721_34-73693084545524,,119.28644748698918,34.73693084543966,stable_natural,0.9437406659126282
a101-4708784522558_17-390386574297,,101.470878452258,17.39038657428871,stable_natural,0.028292620554566383
a74-86931851160122_63-99966754414921,,74.86931851161614,63.99966754410441,artificial_reversion,0.46937039494514465
a37-58752437660535_-15-07714123128955,,37.58752437660581,-15.077141231281264,stable_natural,0.3886372148990631
a116-61227735903503_-33-73800858743713,,116.6122773590348,-33.738008587422826,stable_natural,0.3800891041755676
a113-49225098181579_34-93197216620762,,113.49225098181536,34.93197216619381,artificial_reversion,0.45277607440948486
a19-4723133081772_40-31982106399998,,19.472313308175465,40.31982106398306,stable_natural,0.7283649444580078
a121-73159764554163_45-21607978936262,,121.7315976455433,45.21607978934129,stable_natural,0.20551170408725739
a103-02781224300693_25-21213907795217,,103.02781224300648,25.21213907794023,stable_artificial,0.5950372815132141
a-44-57273317080572_-6-93552273069536,,-44.57273317080531,-6.935522730689237,stable_natural,0.3747444450855255
a-3-60942333852355_37-1397115017271,,-3.6094233385233263,37.13971150171501,stable_artificial,0.4180442988872528
a-54-1371880536176_-18-79662202401419,,-54.137188053618246,-18.79662202400619,stable_natural,0.24343115091323853
a-104-69651925886939_29-84658893243744,,-104.69651925886934,29.846588932427647,stable_natural,0.024238748475909233
a-65-30401888741473_-27-04087797138652,,-65.30401888741584,-27.040877971374883,stable_natural,0.906597912311554
a63-16426881479642_45-58267819860652,,63.16426881479575,45.58267819858828,stable_natural,0.03340746462345123
a89-91945921780903_22-564261722949,,89.91945921781169,22.564261722937,stable_natural,0.3961386978626251
a60-6589049340735_56-95948929530286,,60.65890493406903,56.95948929527114,stable_natural,0.9807707667350769
a69-02911694940356_33-48516626510029,,69.02911694940417,33.48516626509071,stable_artificial,0.6978532075881958
a125-63404219018496_11-15937122215145,,125.63404219018688,11.159371222142376,stable_natural,1.0
a104-92179525104721_9-03375535780906,,104.92179525105004,9.033755357806264,stable_artificial,0.47789818048477173
a55-47713386876919_58-2524926460564,,55.47713386877653,58.25249264602576,stable_natural,0.3804595172405243
a138-9713564101984_65-27265869241475,,138.9713564101944,65.27265869237206,stable_natural,0.0015438692644238472
a100-64386192378244_2-00164999210326,,100.64386192378473,2.0016499921006106,stable_artificial,0.6780000329017639
a22-4607456142045_36-8000526110497,,22.460745614206587,36.80005261103416,stable_natural,0.1087365448474884
a37-79725633665504_48-98058973026345,,37.797256336656105,48.98058973024395,stable_natural,1.0
a-60-80824513178491_-32-98705384728341,,-60.80824513178568,-32.98705384727097,stable_natural,0.9707890748977661
a-78-23274211250573_-6-65018918123533,,-78.23274211250458,-6.650189181230356,stable_artificial,0.9290927052497864
a131-07555794618116_45-35744744213948,,131.07555794618366,45.3574474421203,stable_natural,0.9544100165367126
a34-28678843412527_0-11652415170884,,34.28678843412503,0.1165241517012382,stable_natural,0.6137925386428833
a29-53361039701667_-6-75260923130411,,29.53361039701824,-6.752609231297535,stable_natural,0.7193750143051147
a21-63501941900816_61-69726416950046,,21.63501941902201,61.69726416946118,stable_natural,0.9284378290176392
a57-16813062636712_65-11287607697254,,57.1681306263673,65.11287607693563,stable_natural,0.6155514121055603
a-98-47318020432094_26-58390434491239,,-98.47318020431996,26.58390434489676,stable_natural,0.42152076959609985
a-6-90036188483504_15-72147075426131,,-6.900361884835763,15.721470754250428,stable_natural,0.12333285808563232
a105-9545922942305_9-4161596339744,,105.95459229423145,9.416159633972535,stable_natural,0.38918906450271606
a-97-7795911350382_48-49325495741431,,-97.77959113503783,48.4932549573941,stable_natural,0.3965551555156708
a-5-5968603213978_40-18058831060638,,-5.5968603214003565,40.180588310589656,stable_natural,0.021317316219210625
a100-27557791995878_7-3741830029748,,100.27557791995848,7.374183002974192,stable_natural,
a2-11393642484797_10-83200498052731,,2.113936424850832,10.83200498052279,stable_artificial,0.985098123550415
a147-5055644432345_-30-42486907980029,,147.50556444323567,-30.424869079787875,stable_natural,0.0944889560341835
a-3-46217582294969_33-28578424975769,,-3.462175822949429,33.28578424974609,stable_natural,0.0031072665005922318
a26-5482148300742_-11-88734177013078,,26.548214830073853,-11.887341770121171,stable_natural,0.32732585072517395
a76-86051880022518_15-09143802719739,,76.86051880022617,15.091438027189678,stable_natural,0.9272922277450562
a36-61292539703357_47-88568021208093,,36.612925397037145,47.88568021205951,stable_natural,0.40265077352523804
a-35-74116308327119_-9-65733930602203,,-35.741163083270266,-9.657339306015398,stable_natural,0.8233705163002014
a41-86249941640571_37-95215961905633,,41.862499416406,37.95215961903486,stable_artificial,0.9406677484512329
a105-04244986088742_14-4565061330214,,105.0424498608878,14.456506133018898,stable_natural,0.34300363063812256
a13-50271317053095_-9-05666099231575,,13.502713170531976,-9.05666099231222,stable_natural,0.7158007025718689
a7-47902167073414_35-86240227772955,,7.479021670733807,35.86240227771709,stable_natural,0.28918546438217163
a-9-09440964829485_31-50154265546187,,-9.094409648292611,31.50154265544748,stable_natural,0.43855953216552734
a24-90099368403411_60-37214667833241,,24.90099368404114,60.37214667829392,stable_natural,0.5642485022544861
a-76-65055584575146_-0-76141997966394,,-76.65055584575208,-0.7614199796638097,stable_natural,0.00244183000177145
a10-77605630044143_34-77226068230407,,10.776056300441564,34.772260682290096,stable_artificial,1.0
a144-10849475562486_-34-60987053797149,,144.10849475562532,-34.60987053795705,stable_natural,0.002664953703060746
a27-74278044920599_-28-16004794711108,,27.742780449204368,-28.160047947101432,stable_artificial,0.9872942566871643
a148-27829915249166_-28-47141134052537,,148.2782991524922,-28.471411340510837,stable_natural,0.04070457071065903
a120-22014427020964_-5-51585263618616,,120.22014427021078,-5.515852636186349,stable_natural,0.6901136636734009
a-3-66250007351889_9-97096522139156,,-3.662500073517109,9.970965221389326,stable_natural,0.0652163028717041
a148-36467362546165_-31-53139482920032,,148.3646736254642,-31.531394829184705,stable_natural,0.2963465750217438
a18-64157724655863_-33-82035775194097,,18.64157724656056,-33.82035775192381,stable_artificial,0.9871315956115723
a101-8289719005493_6-42422784937172,,101.82897190054744,6.424227849366988,stable_natural,0.9788240790367126
a27-33741953351148_-29-18829960712255,,27.337419533510747,-29.188299607110075,stable_natural,0.41996440291404724
a40-29107047350197_37-20512747264486,,40.29107047350276,37.20512747262547,stable_natural,0.3592525124549866
a120-20039311188202_32-48314671366173,,120.20039311188032,32.48314671364807,stable_natural,0.7476089000701904
a-76-9594474711711_-12-13534372327534,,-76.95944747117144,-12.13534372326762,stable_artificial,0.9957864880561829
a-106-437405040906_43-80757496929126,,-106.4374050409062,43.80757496927635,stable_natural,0.12157454341650009
a142-6932100188355_-33-65360210419643,,142.69321001883674,-33.653602104182184,stable_natural,0.03187978267669678
a46-46115592635168_6-05927820135538,,46.46115592635076,6.059278201353912,stable_natural,0.09933027625083923
a-63-37151399430618_-30-26368810127425,,-63.37151399430307,-30.26368810126256,stable_natural,0.04602411761879921
a-56-32066940986969_-26-12446538780294,,-56.32066940986965,-26.12446538779644,stable_natural,0.3245449960231781
a134-12445072910415_46-00877424000551,,134.1244507291024,46.00877423998669,stable_natural,0.34373870491981506
a13-01051839359272_32-67439141989518,,13.010518393593628,32.674391419878674,stable_artificial,0.5144580602645874
a-95-1737548207114_33-25131291986718,,-95.17375482071223,33.251312919849994,stable_natural,0.06749429553747177
a10-76138316460722_34-73992507091833,,10.761383164608826,34.7399250709039,artificial_reversion,0.9925761818885803
a-63-90257952520604_-24-48943945519103,,-63.9025795252046,-24.489439455181437,stable_natural,0.37916409969329834
a100-3521495150847_7-61695194258002,,100.35214951508308,7.616951942576932,stable_artificial,0.4265477657318115
a-64-02084111175321_-36-23390030721596,,-64.02084111175182,-36.23390030720232,stable_natural,0.3822319507598877
a-88-59690757096402_15-69076398394298,,-88.59690757096241,15.69076398393877,stable_natural,0.31143125891685486
a28-2698518509372_-29-59393940941688,,28.26985185093869,-29.5939394094054,stable_natural,0.9269853234291077
a71-14533644004186_30-30782268319817,,71.14533644004149,30.30782268318967,stable_natural,0.4322364032268524
a89-8679657347864_22-75210773237205,,89.86796573478668,22.75210773235985,stable_natural,
a33-78459533868196_-16-17230583243078,,33.784595338680845,-16.172305832428243,stable_artificial,0.9961408972740173
a8-02022261870105_35-27738734781482,,8.020222618703045,35.277387347802986,stable_natural,0.40877386927604675
a-78-70427055538839_26-54639966522817,,-78.70427055538704,26.546399665215347,stable_artificial,0.9862373471260071
a71-37941954627169_21-3300894693072,,71.37941954627055,21.330089469300518,stable_artificial,0.9697749614715576
a106-8184973583296_29-71441602907695,,106.81849735833092,29.714416029064985,stable_natural,0.7276548743247986
a-98-19064944988124_26-03504506285337,,-98.19064944988172,26.03504506284198,stable_natural,0.9894160032272339
a-76-41556456205092_-12-95396011960215,,-76.41556456204833,-12.9539601195978,artificial_reversion,0.22703763842582703
a11-16726776554045_59-95217911545592,,11.167267765553584,59.952179115413855,stable_natural,0.3949688673019409
a-63-15049450863154_-32-45097842235676,,-63.1504945086313,-32.450978422345415,stable_natural,0.8638241291046143
a34-0200934825325_-14-41551756687032,,34.0200934825318,-14.415517566865883,stable_artificial,0.9443092942237854
a-16-00808649934173_11-97423561084185,,-16.00808649934041,11.97423561083648,stable_natural,0.559617817401886
a99-0004371715654_54-89154976893142,,99.00043717157064,54.89154976889928,stable_natural,0.8178713917732239
a59-0974022906253_56-2320381728841,,59.09740229063543,56.23203817284926,stable_natural,0.40382781624794006
a98-57355137125958_39-70673589620246,,98.57355137126184,39.70673589618221,stable_natural,0.5856775045394897
a138-78187772742018_-32-97603739295466,,138.78187772741944,-32.976037392939745,stable_natural,0.39261317253112793
a101-29092189628798_6-74617951486151,,101.2909218962878,6.746179514857948,stable_artificial,0.6718047857284546
a120-5381980140722_30-10634614547419,,120.53819801407256,30.10634614546322,artificial_reversion,0.8996001482009888
a-1-09219168653244_17-97452219770485,,-1.0921916865328836,17.9745221976968,stable_natural,0.00289717223495245
a-160-66735609755438_66-33480994100229,,-160.66735609756108,66.33480994095777,stable_natural,0.005666014272719622
a99-3096371623454_3-3940553511875,,99.30963716234724,3.394055351188598,stable_natural,0.557644784450531
a44-55907783795776_32-9344769474567,,44.55907783795836,32.93447694744155,stable_natural,0.5316409468650818
a56-82779657170541_59-28808013653404,,56.8277965717168,59.28808013649572,stable_natural,0.9919931292533875
a119-36051438374992_-1-54625049371476,,119.36051438374994,-1.5462504937086972,stable_natural,0.5934727787971497
a105-5388962528316_23-03065628232758,,105.53889625283084,23.030656282322077,stable_natural,0.1078641340136528
a69-58691664292355_23-14366915431335,,69.58691664292387,23.143669154307474,stable_natural,0.36202070116996765
a-73-35847078379877_49-81365592268598,,-73.35847078379766,49.81365592266587,stable_natural,0.0025107036344707012
a104-39357219184573_52-33122716908935,,104.3935721918496,52.331227169061066,stable_artificial,0.5746497511863708
a33-11352837583199_20-37469669942073,,33.11352837583473,20.37469669940809,stable_natural,0.0035080534871667624
a114-90016837005138_30-64414201569037,,114.90016837005297,30.64414201568218,artificial_reversion,0.9422850608825684
a75-30645436459572_17-94274422645332,,75.3064543645965,17.942744226442247,stable_natural,0.4720989465713501
a-81-48933921565731_46-30601611246392,,-81.48933921565568,46.30601611244053,stable_natural,0.027831358835101128
a51-02535692635047_34-60233261252057,,51.02535692635166,34.60233261250914,stable_natural,0.60521399974823
a-16-83433628398021_28-37903912655523,,-16.834336283980363,28.37903912654162,stable_natural,0.33017876744270325
a30-51255074716678_60-15298799337435,,30.51255074717256,60.152987993339934,stable_natural,0.9468114972114563
a79-10421915589652_19-89721579724321,,79.10421915589492,19.89721579723429,stable_natural,0.46132543683052063
a9-58864082774969_0-8491803630634,,9.588640827750242,0.8491803630601225,stable_artificial,0.09872131794691086
a113-941795133385_35-26495646116667,,113.9417951333867,35.26495646115287,artificial_reversion,0.9215440154075623
a97-12431669681366_57-08924485952804,,97.12431669681976,57.089244859495054,artificial_reversion,0.24205929040908813
a140-82399147920788_-37-94317676356623,,140.82399147920813,-37.9431767635495,stable_natural,0.37712815403938293
a-4-16500934669922_42-14475351617171,,-4.165009346699513,42.1447535161559,stable_natural,0.41460633277893066
a52-1602283815936_57-25380561790437,,52.16022838160417,57.25380561787132,stable_natural,0.42865124344825745
a46-98659852852907_31-31555493001967,,46.9865985285296,31.315554930001014,stable_natural,0.2174951583147049
a9-97681161995986_44-12918380826343,,9.976811619961827,44.12918380824405,stable_natural,0.30159124732017517
a77-91831782646753_10-77674442018194,,77.91831782646928,10.776744420178296,stable_natural,0.46062731742858887
a-1-92733123475929_34-71331334518141,,-1.9273312347578528,34.71331334516846,stable_natural,0.9816444516181946
a-106-60473427756239_53-14541962478558,,-106.6047342775583,53.14541962475882,stable_natural,0.3862781226634979
a78-85502228157328_9-4936799546694,,78.8550222815735,9.493679954663955,stable_natural,0.41972196102142334
a-1-4857119717723_33-3058280435686,,-1.4857119717727243,33.30582804355614,stable_natural,0.003216576762497425
a-46-13352150339134_-10-13473042684197,,-46.13352150339082,-10.134730426840676,stable_natural,0.006054103374481201
a111-26473959659864_-7-98858253038531,,111.26473959660052,-7.988582530380517,stable_artificial,0.7035504579544067
a110-9385928495725_-8-12154146492329,,110.93859284957512,-8.121541464921336,stable_natural,0.29843294620513916
a117-92201992174184_1-05229042374529,,117.92201992174128,1.0522904237456157,stable_natural,0.0027763156685978174
a59-83901673907443_42-76929263460492,,59.8390167390764,42.76929263458493,stable_natural,0.4210362136363983
a-64-86479682305367_-27-49856853982681,,-64.86479682305098,-27.49856853981376,stable_artificial,0.9885663390159607
