parent_label,inner_m,outer_m,n,spearman_dor_ghm,spearman_p,pearson_dor_ghm,pearson_p,spearman_dor_lo_ghm,spearman_dor_lo_p,spearman_dor_hi_ghm,spearman_dor_hi_p,n_sites_valid,rank_in_class
built_loss,0,1000,86,0.27532430775036554,0.010297301965327707,0.2633252651178464,0.014299749395652208,0.24981367045615355,0.020357887755352445,0.2835133732723242,0.00816344218314523,86,31
built_loss,0,2000,89,0.27728975144705487,0.00851921801269983,0.31700887566286884,0.002471116595043246,0.2081035069799115,0.05035064214489974,0.3409771876064011,0.0010759468256814264,89,32
built_loss,0,3000,89,0.29124957439564186,0.005621067214088965,0.3062415564070426,0.0035148701816894536,0.2275621382362956,0.03197749067085496,0.33043922369765066,0.001563518036198288,89,38
built_loss,0,4000,90,0.2794172120014816,0.007651445770981935,0.28278183704853527,0.006922284520271027,0.22005185825410542,0.037157227718701516,0.3076676132855908,0.003178777117886368,90,33
built_loss,0,5000,90,0.2813433757253982,0.007226154253783124,0.2840152299058674,0.006670776223155631,0.21287401736839937,0.043965186295176525,0.30373297114870146,0.0036111387923096444,90,34
built_loss,0,6000,90,0.28751697740461785,0.006000164174102259,0.28394349804158786,0.0066851792533285225,0.21239659217187307,0.044452510898873476,0.3218586656788904,0.0019781314452762917,90,35
built_loss,0,7000,90,0.28751697740461785,0.006000164174102259,0.28394349804158786,0.0066851792533285225,0.21517882866197474,0.04167452464939098,0.3088200189323785,0.003061242522004581,90,35
built_loss,0,8000,90,0.28751697740461785,0.006000164174102259,0.28394349804158786,0.0066851792533285225,0.20745771082849734,0.04976164560184715,0.30539572786763797,0.003422392702546125,90,35
built_loss,500,1000,77,0.19672432830327566,0.08637926767642978,0.20351515244972782,0.07585531414658292,0.16691203533308793,0.14681034893228595,0.20745044429254955,0.07024233700838114,77,27
built_loss,500,2000,88,0.19382903032651194,0.07037629147207942,0.23445872506702395,0.027898196061915903,0.11237716177661937,0.2972149460857567,0.2825014969532599,0.007658622172404466,88,26
built_loss,500,3000,88,0.09698496002254238,0.368699248089537,0.05893143714859001,0.5854813327922123,0.036895495051248645,0.7328943994186989,0.18305096685569375,0.08780834168053642,88,16
built_loss,500,4000,90,0.08416676956002798,0.4302782961356165,0.055024245993870756,0.6064834945571943,0.061546693007367155,0.5644339506055353,0.17227641272585092,0.10444490964522644,90,15
built_loss,500,5000,90,0.08042968267687368,0.4511019888356684,0.03485952447837872,0.7442859952526657,0.050318969420093014,0.6376454878098786,0.14206692184220274,0.1816436068030052,90,14
built_loss,500,6000,90,0.11681277523974153,0.2728813338707683,0.06845523342579944,0.5214589407174017,0.06577766802485903,0.5379166168507805,0.18648392805696173,0.07842729655722148,90,17
built_loss,500,7000,90,0.11936453060048564,0.26246921949374874,0.07074156556957198,0.5076104185469541,0.07198419557970119,0.50016410392994,0.19552208091533935,0.06477251455734982,90,18
built_loss,500,8000,90,0.11936453060048564,0.26246921949374874,0.07074156556957198,0.5076104185469541,0.07815779725892084,0.4640303268001201,0.18931555336049716,0.07392166138318616,90,18
built_loss,1000,2000,83,0.12560345913269802,0.2578718761244052,0.07846986350512501,0.4807224751567339,0.08509298518114268,0.4443514544191814,0.16176902732882747,0.14399418052937893,83,21
built_loss,1000,3000,83,0.017001805129927376,0.8787486222831434,-0.002979366147018628,0.978673709902524,-0.04185382645564837,0.7071485363259733,0.07938373703874732,0.4756111950529893,83,6
built_loss,1000,4000,85,0.027789720539378542,0.8006825975964237,-0.022479380504979142,0.8381918857851735,-0.05436779362907955,0.6211717072088391,0.10994723470783663,0.3164906544885971,85,10
built_loss,1000,5000,89,-0.023493360572012262,0.8270139296539992,-0.07017487031254198,0.5134495086459342,-0.08638066053796392,0.420877684930641,0.05861423220973784,0.5853285607611356,89,2
built_loss,1000,6000,90,-0.001144174177882043,0.9914605160611425,-0.09273393824934162,0.3846671486945541,-0.04269662921348314,0.6894688122368998,0.0751286167016504,0.4815789781428531,90,3
built_loss,1000,7000,90,0.012948100588550027,0.9035924547492953,-0.07818807772304562,0.46385669110130834,-0.046203234967279905,0.6654315634934166,0.09857184014487386,0.3553215756123444,90,5
built_loss,1000,8000,90,0.020405811417047368,0.8486036741367304,-0.027006725127240918,0.8005209372253884,-0.03286825534016545,0.7584323424312481,0.10868008396098285,0.30789849254944873,90,7
built_loss,2000,3000,66,-0.07266464878405178,0.562037012886206,-0.18548073806104487,0.135952753567074,-0.08164074731238911,0.5146145900609318,0.04715582924538149,0.7069277682606151,66,1
built_loss,2000,4000,68,0.020651219605298313,0.8672481879409173,-0.1402245434414041,0.25406598287905896,-0.05722029239989311,0.6430184531274983,0.08497156162919417,0.4908545729211968,68,8
built_loss,2000,5000,89,0.010503915560095337,0.9221740292251235,-0.09325380119664792,0.38473003623962715,-0.04227102485529452,0.6940813001331096,0.06130405175348997,0.5682011817831033,89,4
built_loss,2000,6000,90,0.04386549779808207,0.6814206560088858,-0.10335160517889698,0.3323592090551938,0.0044367617401325265,0.9668951810378181,0.09073548174671768,0.3950382165552423,90,11
built_loss,2000,7000,90,0.05002263653949047,0.6396300373198602,-0.08446755818533014,0.4286264505544801,0.0065440177799728355,0.9511881138111178,0.09705724986623863,0.3627982520705106,90,12
built_loss,2000,8000,90,0.05586697946248508,0.6009736584525307,-0.03285157062253694,0.7585512176108921,0.01658640984483681,0.8766923385756569,0.10868008396098285,0.30789849254944873,90,13
built_loss,3000,4000,48,0.027029960920538432,0.8552955570689368,-0.1888969847577654,0.1985018865106552,-0.01650021710811984,0.9113697334381131,0.07142857142857142,0.6294905664416662,48,9
built_loss,3000,5000,89,0.12478719782090571,0.24395471888675566,0.029215641023171344,0.7857900283129422,0.15338781069118151,0.15125600679318352,0.1537282941777324,0.1503395650165844,89,20
built_loss,3000,6000,90,0.13860970490183971,0.1926140122803906,0.0430870824100018,0.6867764791687281,0.16858871465613037,0.1121940571412838,0.17039963781536815,0.10833476619427623,90,22
built_loss,3000,7000,90,0.14911305922541876,0.1607086775221369,0.06021335343140096,0.5729168157366351,0.17094291476313947,0.1071973446799245,0.174433057579125,0.10011055672699648,90,23
built_loss,3000,8000,90,0.20401695682594556,0.05376089344318162,0.12744321679959286,0.2312986923470914,0.22759188377165904,0.030979012065832204,0.23149360003292585,0.028138092521698466,90,29
built_loss,4000,5000,88,0.18821105279842207,0.07907788083965209,0.12243409567639472,0.25579214139199113,0.21209186009650946,0.047280275644933076,0.1898665069916523,0.07642883629390744,88,25
built_loss,4000,6000,90,0.18460715314647896,0.08153277243624389,0.10699553813356374,0.3155015852266344,0.20037864756965879,0.058272824584249566,0.18686257562662056,0.07781237425189726,90,24
built_loss,4000,7000,90,0.19759641107955714,0.06192786464730552,0.12323551138572887,0.24719497071568497,0.215261143351031,0.04159458779844901,0.2000987776268675,0.058632332602790486,90,28
built_loss,4000,8000,90,0.25319175206815653,0.016049654410697188,0.19091031553376425,0.07147712878565268,0.2757295139317611,0.008527565758944599,0.2661645470634234,0.011222947237979437,90,30
crop_loss,0,1000,61,0.10185087255420412,0.43476823193650405,0.08018590000521468,0.5390130512140356,0.11374933897408777,0.3827343246747538,0.1014806980433633,0.43644833044989606,61,32
crop_loss,0,2000,68,0.04977669198763217,0.6868679387300778,0.012003877974424988,0.9226034712035743,0.07038973928312402,0.5684094870809061,0.05909073558040997,0.6321810129577841,68,29
crop_loss,0,3000,68,0.06397679123563767,0.604237365160943,0.02178505057614183,0.860031203856385,0.08646028171164637,0.4832619065278087,0.026529755315494136,0.8299608554851369,68,30
crop_loss,0,4000,68,0.11688361262740009,0.3425004582621434,0.056902409078198074,0.6448677680735049,0.11531854792533497,0.34904674623020066,0.08386456464480664,0.49654073680151567,68,33
crop_loss,0,5000,68,0.12436538534946748,0.31227525852314486,0.06074633421087965,0.6226522860223226,0.1282207886399206,0.29739237674710023,0.09543077451616597,0.43885882342467847,68,34
crop_loss,0,6000,68,0.12566324388288735,0.30721255783989077,0.06322790770313896,0.608485009425204,0.1347864259266328,0.27313100664116596,0.11195938466236591,0.36335735178204254,68,35
crop_loss,0,7000,68,0.12566324388288735,0.30721255783989077,0.06322790770313896,0.608485009425204,0.13803107226018244,0.2616440161246301,0.10226361797152343,0.40663396089540405,68,35
crop_loss,0,8000,68,0.12566324388288735,0.30721255783989077,0.06322790770313896,0.608485009425204,0.13951979234263465,0.2564843139439869,0.11768523113333586,0.3391773860703599,68,35
crop_loss,500,1000,54,0.09418715456451304,0.4981238467523991,0.08648093016651544,0.5340739909268819,0.16805793786925857,0.22446763760087435,0.025957690108633504,0.8521959403515112,54,31
crop_loss,500,2000,67,-0.028892968313512655,0.8164627573258658,-0.093517850353942,0.45161642713997247,-0.05243834304413761,0.6734346160209222,0.012730465320456541,0.9185610515645195,67,9
crop_loss,500,3000,67,-0.03396120999281667,0.7849825162771895,-0.09907972187620921,0.42504121209187545,-0.030369542661026427,0.8072590522470664,-0.030170005587038074,0.8085013038721657,67,6
crop_loss,500,4000,67,0.016362040067044458,0.8954451081604817,-0.06608893707116043,0.5951676468855421,0.004589352701731982,0.9705976637292187,-0.0018756484954904626,0.9879811793947676,67,23
crop_loss,500,5000,68,-0.012711379165553306,0.9180570341023329,-0.07167713790441071,0.5613385279051006,-0.02393403824865442,0.84638437751107,-0.01889529335420086,0.8784460502493437,68,14
crop_loss,500,6000,68,-0.013360308432263233,0.9138892800607362,-0.06247111553866714,0.6127906600150129,-0.023628659770202697,0.8483209930542813,-0.01889529335420086,0.8784460502493437,68,11
crop_loss,500,7000,68,-0.013360308432263233,0.9138892800607362,-0.06247111553866714,0.6127906600150129,-0.023285108981944497,0.8505007548393255,-0.018666259495362065,0.8799084427058234,68,11
crop_loss,500,8000,68,-0.013360308432263233,0.9138892800607362,-0.06247111553866714,0.6127906600150129,-0.02626254914684887,0.8316482900395157,-0.026377066076268274,0.830925010486876,68,11
crop_loss,1000,2000,67,-0.056389177109106875,0.6503758964131912,-0.10469949999191504,0.3991192136412588,-0.07965519993614814,0.5216817548027266,-0.0028733338654321973,0.9815891056135518,67,2
crop_loss,1000,3000,67,-0.043459174714661986,0.7269397032146585,-0.10837661651536534,0.38267302803575387,-0.035318062095937436,0.7766104602206205,-0.04226195227073191,0.7341798217786686,67,3
crop_loss,1000,4000,67,0.015005187963923701,0.9040727370595817,-0.059573954396730563,0.6320220280274085,-0.03511852502194908,0.7778400816851655,0.008021390374331552,0.948633170611436,67,22
crop_loss,1000,5000,68,-0.009695766690842463,0.937451936692239,-0.06046032858045292,0.6242940307524436,-0.017139367103103407,0.8896677239589099,-0.018857121044394392,0.8786897543212336,68,15
crop_loss,1000,6000,68,-0.007023705004389816,0.9546680069280008,-0.04526471815926887,0.7139695057736314,-0.018208191777684464,0.8828344237829028,-0.02175821658968584,0.8602018762330964,68,16
crop_loss,1000,7000,68,-0.007023705004389816,0.9546680069280008,-0.04526471815926887,0.7139695057736314,-0.02206359506813757,0.8582599542685675,-0.007214566553422146,0.9534375084775636,68,16
crop_loss,1000,8000,68,-0.007023705004389816,0.9546680069280008,-0.04526471815926887,0.7139695057736314,-0.02332328129175096,0.8502585036398459,-0.021567355040653508,0.8614159978135525,68,16
crop_loss,2000,3000,57,-0.0651413015296863,0.6302165022025074,-0.15973184312365357,0.23527878137311414,-0.04796473943479389,0.7231087289483806,-0.06643764583873478,0.6234096643512925,57,1
crop_loss,2000,4000,57,0.01976925071298937,0.883951308115028,-0.08106212558596429,0.5488830472921473,0.0044075706507648435,0.9740419412887328,0.023399014778325126,0.8628334146818385,57,24
crop_loss,2000,5000,67,-0.03256445047489824,0.7936262534165198,-0.07894244506016346,0.525426040156427,-0.023545374730624954,0.8499937114396706,-0.006664538271210792,0.957313160394399,67,8
crop_loss,2000,6000,68,-0.03259915257472229,0.7918525385696807,-0.05331780897305565,0.6658679577703046,-0.03824865442607932,0.7568102151918695,-0.0015650647020651219,0.9898937977068039,68,7
crop_loss,2000,7000,68,-0.03481314654349734,0.7780664746739546,-0.05357693846668419,0.6643409989472968,-0.03183570637859296,0.7966213740633469,-0.0030919570943237773,0.9800356024018867,68,4
crop_loss,2000,8000,68,-0.03481314654349734,0.7780664746739546,-0.05357693846668419,0.6643409989472968,-0.042409436194984156,0.7313065670711449,-0.0004198954078711302,0.9972885141298234,68,4
crop_loss,3000,4000,45,0.18339920948616598,0.2278484765201767,0.14056534965790424,0.35705538746913124,0.2758893280632411,0.06659088052780385,0.12108036890645585,0.4281876239587137,45,38
crop_loss,3000,5000,67,0.03296352462287493,0.7911540369654123,0.005540908480132582,0.9645049793192049,0.0650889935349988,0.6007616509341407,0.015204725037912047,0.902803249781701,67,25
crop_loss,3000,6000,68,0.040920716112531966,0.740400069685392,0.03101768296940841,0.8017393665873798,0.08008550597396648,0.516207660070527,0.012635034545940373,0.9185475049728659,68,28
crop_loss,3000,7000,68,0.040271786845822034,0.7443751081828179,0.03089395665524217,0.8025141946250455,0.06424399740428292,0.6027249349165159,0.018055502538458598,0.8838101000026392,68,26
crop_loss,3000,8000,68,0.040271786845822034,0.7443751081828179,0.03089395665524217,0.8025141946250455,0.06512196052983166,0.5977672900502283,0.01881894873458793,0.8789334696244502,68,26
crop_loss,4000,5000,67,-0.01680102162981882,0.8926563513997483,-0.02025064605325209,0.8707893615197424,0.020592226035597416,0.8686290699058825,-0.008260834863117569,0.9471019967905658,67,10
crop_loss,4000,6000,68,-0.006107569569034622,0.9605758187304162,0.013809014356672755,0.911008807773702,0.01889529335420086,0.8784460502493437,-0.014047410008779631,0.9094788867620558,68,19
crop_loss,4000,7000,68,-0.006107569569034622,0.9605758187304162,0.01366808003340709,0.911913415796345,0.019887773409168988,0.8721137593470142,-0.00961942207122953,0.9379434657590551,68,19
crop_loss,4000,8000,68,-0.006107569569034622,0.9605758187304162,0.01366808003340709,0.911913415796345,0.01702485017368401,0.890400347515668,-0.011871588349811045,0.9234538494573715,68,19
stable_built,0,1000,207,0.4189071446353,3.3458635129203865e-10,0.4513074993129167,8.805979553388431e-12,0.43784161877239125,4.1848078974466174e-11,0.4126592417010315,6.461449776091003e-10,207,38
stable_built,0,2000,232,0.3486514225747612,4.927349227360123e-08,0.3915887827839251,6.374136781958451e-10,0.3641726040719676,1.1010170144531148e-08,0.32381810878185,4.6039663099640586e-07,232,31
stable_built,0,3000,233,0.3497028722350611,4.172597951270403e-08,0.38661807432484496,1.0029891157208107e-09,0.37908835281929854,2.2298463106839766e-09,0.3071221487308508,1.7634322853080287e-06,233,32
stable_built,0,4000,234,0.3636333410600601,1.0037287398265147e-08,0.4029757537953592,1.50396354991438e-10,0.39921093729878326,2.3037456226138185e-10,0.32826460058676304,2.7816599022488266e-07,234,33
stable_built,0,5000,235,0.3791681692511119,1.885604585933264e-09,0.4250963783513248,9.930545989455544e-12,0.40453456868891413,1.1486143474164455e-10,0.343735841031189,6.411521420636291e-08,235,34
stable_built,0,6000,235,0.3833263983282014,1.211322016588544e-09,0.42984330781343266,5.5094917355584794e-12,0.4112254616401749,5.273583492530081e-11,0.35201253848927844,2.922735600297223e-08,235,35
stable_built,0,7000,235,0.3833263983282014,1.211322016588544e-09,0.42984330781343266,5.5094917355584794e-12,0.41556585018539577,3.1532650734995506e-11,0.3498146041961404,3.608713036461197e-08,235,35
stable_built,0,8000,235,0.3833263983282014,1.211322016588544e-09,0.42984330781343266,5.5094917355584794e-12,0.41192266082276896,4.8578658749814154e-11,0.3482445190342774,4.1911406114015546e-08,235,35
stable_built,500,1000,174,0.19182664654460546,0.01122155211937005,0.2324499589750995,0.0020251733035276578,0.14456106381161193,0.057020183840619076,0.24629288988866424,0.0010527968828021794,174,29
stable_built,500,2000,226,0.06941743661715592,0.2987860733800738,0.10831795824061433,0.10434838276631414,0.02757683261211389,0.6800826853321383,0.1041420087585929,0.11848500249586422,226,9
stable_built,500,3000,227,0.08709417299828262,0.19106072564206208,0.11258247419177517,0.09059908529789795,0.0703994304110438,0.2909089463678022,0.08587435803262006,0.19737463046957654,227,14
stable_built,500,4000,228,0.11706357442767222,0.07773607777453713,0.13089128862525062,0.04837572057897709,0.09814342138168651,0.1395800101286767,0.11800517780610463,0.07536053639541902,228,22
stable_built,500,5000,235,0.13574024244777938,0.03758089526823235,0.1542374330182535,0.017982286507578604,0.11660702562253228,0.07440557002946416,0.1410533810461686,0.03064931198245571,235,25
stable_built,500,6000,235,0.14557592905952083,0.02563884807831966,0.16470426515238695,0.011448628952109297,0.12694573127317446,0.05195160490936339,0.14946138126808878,0.021913100759175727,235,26
stable_built,500,7000,235,0.1487003800382812,0.022603560739369758,0.16891270234074035,0.00947994550174556,0.12540153679713723,0.054895376949289164,0.15478838987674182,0.017570954485351686,235,27
stable_built,500,8000,235,0.1487003800382812,0.022603560739369758,0.16891270234074035,0.00947994550174556,0.13031152043052507,0.04598807111246697,0.15381194115416977,0.0183056596799435,235,27
stable_built,1000,2000,205,-0.05548188491593653,0.429451198825424,-0.011787048092775946,0.8667888341003532,-0.09489629619311611,0.17590987038774827,-0.02881558969787299,0.681704095774267,205,2
stable_built,1000,3000,208,-0.037729433038357525,0.5884695619456983,-0.003088466015595131,0.9646858616060248,-0.06379451974417649,0.35995754555992704,-0.03946034895691646,0.5714643979471394,208,3
stable_built,1000,4000,209,0.010141174614858825,0.884131588807088,0.026589223802555424,0.7023440538786239,-0.010739260739260738,0.8773503222141041,0.007078447867921551,0.918979337056334,209,4
stable_built,1000,5000,233,0.06294232381993223,0.33879212239597356,0.08354518633925194,0.20386175352403602,0.04221263419132296,0.5214132762436305,0.06369747612162885,0.3330173504742018,233,8
stable_built,1000,6000,235,0.0623216547846912,0.34150102464566984,0.08537623097725544,0.1921665603997091,0.039062572239636786,0.551273870017995,0.07654488797655042,0.24245612778703154,235,7
stable_built,1000,7000,235,0.07243011826495417,0.26878483888143234,0.09882494916927624,0.13089554365741565,0.051776748314793744,0.4295159131052809,0.08472634469749506,0.1955849460470644,235,11
stable_built,1000,8000,235,0.07332797026269798,0.2628797756629986,0.09986575048682028,0.12686835022998272,0.05000416100307914,0.4454995981076758,0.08758449147919035,0.18087742856813194,235,12
stable_built,2000,3000,160,-0.05553439587483886,0.48549529448892564,0.016658507308887512,0.8343876232913325,-0.08567619828899567,0.2813853169232174,-0.0444743935309973,0.5765527995977285,160,1
stable_built,2000,4000,161,0.054123533471359564,0.4953024114180543,0.09041441477446983,0.2540242883523347,0.04533586381412469,0.5679595669475793,0.047952610996089266,0.5458056703786769,161,5
stable_built,2000,5000,232,0.07026479514269952,0.28652374419520654,0.11816245568425204,0.07243505573175048,0.05646765547609116,0.3919273098972301,0.07981141250343557,0.2258885569845646,232,10
stable_built,2000,6000,235,0.09064606507808814,0.16604596133135355,0.13308480087467278,0.04151506929942602,0.06498562142269318,0.32122306501511405,0.11027212960137589,0.09168544050055849,235,15
stable_built,2000,7000,235,0.10306064893154687,0.11510325206345078,0.1461009629101257,0.025105552655805486,0.07554902123960905,0.24865659580034413,0.12168160004438403,0.06255753997973254,235,19
stable_built,2000,8000,235,0.10384014350837285,0.11236638715532046,0.14708980671224967,0.02412702194927763,0.07400112809416812,0.25851128729725464,0.1269031965750321,0.05203089715974628,235,20
stable_built,3000,4000,85,0.3372093023255814,0.0016002467653036029,0.32037434331623194,0.002797230009135664,0.260719171389486,0.01595426254173269,0.34705882352941175,0.001137430628643396,85,30
stable_built,3000,5000,232,0.09549884775576649,0.14704331646797816,0.1368367664225806,0.03727083705565706,0.059169999750138855,0.369628756818357,0.1417164306760281,0.030943118116966692,232,16
stable_built,3000,6000,235,0.1157554069923345,0.07656190129166107,0.15505885606218794,0.017372046550324725,0.06810544906469897,0.29848980646629625,0.1670836916419318,0.01029535054522412,235,21
stable_built,3000,7000,235,0.12857037180874178,0.04899732713136595,0.16784365408189442,0.009949302209494032,0.087983947774788,0.17888867699626748,0.17681396617566827,0.006577759015124491,235,23
stable_built,3000,8000,235,0.12943955911860708,0.04747518046787065,0.16885140150207786,0.009506319174431115,0.08722387121233134,0.18268679591359194,0.17765079012825133,0.00632254458833752,235,24
stable_built,4000,5000,232,0.05595544014960915,0.39624348676438154,0.10581368983200247,0.10794104629587163,0.014861932502897426,0.8218548473107717,0.11463628867802315,0.08143754314634229,232,6
stable_built,4000,6000,235,0.08501391624363135,0.19406690347636446,0.1378951444864143,0.034624390512924874,0.037093955449527025,0.571528226488441,0.14784413807132882,0.02340281674058467,235,13
stable_built,4000,7000,235,0.09826994738642773,0.13308291980524461,0.15234196671628725,0.019462071343174677,0.04306453253442074,0.5112121089999748,0.16189630780326775,0.012954955717221415,235,17
stable_built,4000,8000,235,0.09884878914810395,0.1308022097169643,0.15327310566178567,0.01872242345294049,0.047229234282966694,0.471185140212453,0.1592156971529492,0.014552750964375815,235,18
stable_crop,0,1000,440,0.3851113524722376,5.2656100402253076e-17,0.34253208380775907,1.4762281180877823e-13,0.39708154953843205,4.5409377994282254e-18,0.33711758466070213,3.7284168053407565e-13,440,38
stable_crop,0,2000,516,0.31386662462502063,2.929469250382242e-13,0.28661432923211977,3.2554131087651586e-11,0.32003967170831593,9.399177476841113e-14,0.27353284772903047,2.6272697740215587e-10,516,31
stable_crop,0,3000,523,0.3126142181926712,2.549211605976125e-13,0.272495051710305,2.340636278579051e-10,0.3078376265868496,6.079158298080855e-13,0.2682537301839352,4.526509762533082e-10,523,30
stable_crop,0,4000,523,0.32164262474895694,4.722557130237379e-14,0.27667718257311086,1.2078021533079232e-10,0.3145246702907796,1.7927751230970627e-13,0.2772138553787342,1.108583620065976e-10,523,36
stable_crop,0,5000,523,0.31559418793077443,1.470477466497157e-13,0.2671321401836263,5.378672342636649e-10,0.31407580841692767,1.947798750470775e-13,0.26633832894537507,6.074135194181088e-10,523,35
stable_crop,0,6000,523,0.3153666952374673,1.5338907091051582e-13,0.2670794343386551,5.422340682464461e-10,0.31364598815125444,2.1085181769188862e-13,0.2619085965898577,1.1884986920828351e-09,523,32
stable_crop,0,7000,523,0.3153666952374673,1.5338907091051582e-13,0.2670794343386551,5.422340682464461e-10,0.31173486498325426,2.99505460337539e-13,0.26630125233385527,6.108671640627969e-10,523,32
stable_crop,0,8000,523,0.3153666952374673,1.5338907091051582e-13,0.2670794343386551,5.422340682464461e-10,0.31122493574925203,3.2876833091322e-13,0.26730777328776095,5.23561117414055e-10,523,32
stable_crop,500,1000,412,0.33020965046587564,6.1568647540315e-12,0.2881644954143312,2.5505934584840448e-09,0.3492060441573323,2.9301024687834025e-13,0.302004703970234,3.896446544540552e-10,412,37
stable_crop,500,2000,516,0.23833586704125653,4.2536312982203125e-08,0.21755015393455499,6.047662364241036e-07,0.2445222777779476,1.8375032788223087e-08,0.21608451069594498,7.22360857828525e-07,516,23
stable_crop,500,3000,523,0.24185098859499943,2.130406250147683e-08,0.2100652030772676,1.2552639401677599e-06,0.2391461575125184,3.0852484043678974e-08,0.21730417467546642,5.227651515685952e-07,523,28
stable_crop,500,4000,523,0.2519021056663296,5.174149009980454e-09,0.2140789290545926,7.752367935366985e-07,0.2421048207815582,2.0571726548072386e-08,0.2310045698181954,9.158382719662848e-08,523,29
stable_crop,500,5000,523,0.24037622862411714,2.6084927799201177e-08,0.19738323382888412,5.415456998473859e-06,0.23920881866366162,3.0590468099632967e-08,0.21488530325061223,7.029033751621468e-07,523,27
stable_crop,500,6000,523,0.24007953184822212,2.7165010436516075e-08,0.19727932345278493,5.47864138727772e-06,0.24036003906297837,2.614277606469255e-08,0.21235545364240796,9.545604528151342e-07,523,24
stable_crop,500,7000,523,0.24007953184822212,2.7165010436516075e-08,0.19727932345278493,5.47864138727772e-06,0.2400992445262926,2.7091927055138373e-08,0.21081098628651898,1.1485541389257873e-06,523,24
stable_crop,500,8000,523,0.24007953184822212,2.7165010436516075e-08,0.19727932345278493,5.47864138727772e-06,0.2396077697143138,2.897204873506536e-08,0.21034014687371183,1.2148618339328371e-06,523,24
stable_crop,1000,2000,512,0.19792891546789348,6.4100872866053055e-06,0.17808768839486386,5.072688475975888e-05,0.21236721226582433,1.2408863862599654e-06,0.1800023925395681,4.193680200217191e-05,512,21
stable_crop,1000,3000,520,0.19761062498239776,5.61960875577082e-06,0.1714724721295829,8.49783379356766e-05,0.20024340099118476,4.185458411678114e-06,0.1765631814182289,5.156464167052954e-05,520,20
stable_crop,1000,4000,520,0.2040499979090728,2.714678395223574e-06,0.17501319438932306,6.012525290314687e-05,0.19528901307384214,7.263393208080018e-06,0.19297098561186068,9.35602552579405e-06,520,22
stable_crop,1000,5000,522,0.1950317600747928,7.174553507628821e-06,0.15993522488611261,0.0002435249081791534,0.19695279102300636,5.800451771291163e-06,0.1756956597650867,5.4372847321518735e-05,522,19
stable_crop,1000,6000,522,0.19475436219346978,7.396959396095692e-06,0.1599676941689363,0.0002428071917966775,0.19660393450254685,6.0297112751221925e-06,0.17809758120099534,4.275634512308459e-05,522,18
stable_crop,1000,7000,523,0.19194125588381497,9.860803251950423e-06,0.1582473436751239,0.0002798755797917696,0.19338372061615625,8.426128876372343e-06,0.17406688989806615,6.285312747145944e-05,523,16
stable_crop,1000,8000,523,0.19217906627670797,9.609253176047756e-06,0.15840723116361136,0.0002758682063864152,0.1930794743039789,8.711098741031761e-06,0.17424019369761357,6.178666956666692e-05,523,17
stable_crop,2000,3000,498,0.15872364350042598,0.00037693425101515126,0.1227606754707831,0.006087802555474019,0.171397508842805,0.00012116328402349399,0.128269192623933,0.004142478437825816,498,11
stable_crop,2000,4000,499,0.14646951734794889,0.0010329711255309317,0.11736308576623641,0.008685471635813263,0.15307395513919406,0.00060118540316401,0.13207204770987757,0.0031183387690006856,499,8
stable_crop,2000,5000,522,0.1433643798763192,0.0010211926954116271,0.11272632719627391,0.009950623875582607,0.14354450289232426,0.0010061833238868387,0.1158337369227843,0.008071399514312225,522,5
stable_crop,2000,6000,522,0.14884585650202536,0.0006458304207714717,0.11761681603192164,0.007142422038716375,0.15118711824308265,0.0005284953691914475,0.12337637767215344,0.004759824261067712,522,9
stable_crop,2000,7000,523,0.1457388487896667,0.0008293181530617934,0.11612094153646668,0.007855083213219361,0.14735973422948007,0.0007237863762598177,0.11999316850850186,0.006004886512788787,523,6
stable_crop,2000,8000,523,0.14601834939958538,0.0008101602921104144,0.11627209844138738,0.00777425029994467,0.14625305609422895,0.000794389919839137,0.1216911431021313,0.0053250566457006465,523,7
stable_crop,3000,4000,351,0.15813048063048063,0.0029710403334726973,0.12861697614651205,0.015906016273706303,0.181493783993784,0.0006341460646226859,0.13687229437229437,0.010250942957593571,351,10
stable_crop,3000,5000,521,0.13208963582581956,0.002519351056899335,0.10286894076165896,0.01884306984023522,0.13834978642378204,0.0015479365503505821,0.10679447298349938,0.014738071136730015,521,1
stable_crop,3000,6000,522,0.1391588660112973,0.0014360456987409483,0.11078631568175014,0.01131220477113325,0.14701341064365042,0.0007540490601231925,0.11313281971698244,0.009684507025746901,522,4
stable_crop,3000,7000,523,0.1368631945174932,0.0017054843992518238,0.10965985737042323,0.012093510961713058,0.14168181187528633,0.0011589331053939165,0.11029855731716993,0.011599189357370303,523,2
stable_crop,3000,8000,523,0.13706283781029222,0.0016788026409388958,0.10980669721653728,0.011978245013195915,0.14401101158585392,0.0009573583069387542,0.11228240768468974,0.010175872138918431,523,3
stable_crop,4000,5000,521,0.1617289576088967,0.00020964791234115578,0.12182721101996943,0.005361740947941814,0.16468372561098749,0.00015952227986613804,0.13797702507081022,0.0015943876192202758,521,12
stable_crop,4000,6000,522,0.16737034865530578,0.00012207061969102988,0.1296859712974006,0.0029933641419309415,0.17151503409197186,8.199708800622829e-05,0.14589006733774512,0.0008284519147629186,522,15
stable_crop,4000,7000,523,0.16580325136717905,0.00013946785207284316,0.12897073335470396,0.003129240036954519,0.166308483111939,0.00013297569746575179,0.1436765671285473,0.0009841595592498574,523,13
stable_crop,4000,8000,523,0.1660220201518933,0.00013662098825807892,0.1291083174826801,0.0030971521936870175,0.16957718067097258,9.73619152546641e-05,0.14134837402281739,0.0011907965160687125,523,14
stable_nature,0,1000,497,0.11900063419772423,0.00791433275248879,0.08467584965355195,0.05924693647345794,0.11868822730397151,0.008080652935687861,0.11397426533550312,0.010997519921335132,497,38
stable_nature,0,2000,622,-0.04178807666147777,0.29808454174240656,-0.07420749393454391,0.06437735375266909,-0.037976260975332625,0.3443724576428295,-0.047291123757821935,0.23890674910782733,622,36
stable_nature,0,3000,656,-0.13357958221431007,0.0006032130511401339,-0.1616972607242803,3.1687889368516e-05,-0.13218366179269866,0.0006887958134009224,-0.13566213446302613,0.0004937230568205993,656,33
stable_nature,0,4000,673,-0.1775581504112794,3.576825089427784e-06,-0.204828204167996,8.28709772243333e-08,-0.1797163514018268,2.7077131163919997e-06,-0.17095146972770972,8.215559731759726e-06,673,28
stable_nature,0,5000,690,-0.20640199330117406,4.476989352839935e-08,-0.23669636606024685,3.055997359914036e-10,-0.21155145207742238,2.016874134866791e-08,-0.1969992357270962,1.8226909741484215e-07,690,22
stable_nature,0,6000,696,-0.2196072973907027,4.7745934820445e-09,-0.24785322618061856,3.338767838361563e-11,-0.2247037752966874,2.044177677813021e-09,-0.20972313921484395,2.3348536575453505e-08,696,16
stable_nature,0,7000,700,-0.22683800229329915,1.2779573517910152e-09,-0.25202821371677897,1.3272844612342007e-11,-0.23239240429936733,4.879578886580418e-10,-0.21821050946751203,5.429987452579763e-09,700,13
stable_nature,0,8000,706,-0.24239400769166694,6.72193314933199e-11,-0.2646476571247832,8.855306527183625e-13,-0.24719796191541277,2.7344047572981858e-11,-0.23303302509659762,3.672339113385262e-10,706,4
stable_nature,500,1000,442,0.10541928179502397,0.026676710773555972,0.05746674471861018,0.22791601440993428,0.13212487634400868,0.005400722231297071,0.07678869429348402,0.10691854533152183,442,37
stable_nature,500,2000,615,-0.05222895401254026,0.1958437784054481,-0.10204719231216627,0.01133645652808611,-0.04554673498424988,0.25940028989375474,-0.06446287088616477,0.11025762197930603,615,35
stable_nature,500,3000,651,-0.14678856864489162,0.00017097203699421466,-0.19754196294096713,3.7607391546392446e-07,-0.14787629152956683,0.00015271929371933867,-0.15668650763445938,5.945818594273401e-05,651,31
stable_nature,500,4000,669,-0.18990143666886158,7.509065119978732e-07,-0.24034695921558974,3.024913840066353e-10,-0.18986071762505374,7.550851956288734e-07,-0.18927073234562936,8.181969096644982e-07,669,25
stable_nature,500,5000,687,-0.2162686775300583,1.0274832348998077e-08,-0.2727081238499441,3.5120365344372454e-13,-0.22140632138186558,4.475331434451281e-09,-0.21906851208327052,6.5489289357448236e-09,687,19
stable_nature,500,6000,693,-0.22827008354485823,1.2110609077888553e-09,-0.28330994343046206,2.940495441896425e-14,-0.23418257709707127,4.3565838318397575e-10,-0.22772116080573374,1.3297718799867235e-09,693,12
stable_nature,500,7000,698,-0.23653437071267347,2.4840025074667347e-10,-0.2878866300541943,8.692470061726131e-15,-0.24131795947662116,1.0482397806048354e-10,-0.2366491949099993,2.433618249470323e-10,698,8
stable_nature,500,8000,706,-0.25079954648986164,1.3757176638725045e-11,-0.299539384496246,4.211809884395439e-16,-0.2569108334582995,4.1830201767395194e-12,-0.2519248136184671,1.1075220915496561e-11,706,2
stable_nature,1000,2000,594,-0.059364773043971523,0.1484376372820544,-0.10560045446578076,0.01000982355958435,-0.0536937100968447,0.19127535015524175,-0.06286788413561549,0.12589052548468313,594,34
stable_nature,1000,3000,637,-0.14852119717813556,0.00016854175263905205,-0.20534718451289968,1.710138605124631e-07,-0.15841533687058365,5.9256051118926146e-05,-0.14764912566752889,0.00018424613538337953,637,30
stable_nature,1000,4000,657,-0.19281371156135677,6.371853166766895e-07,-0.2540924752295653,3.8621250725901694e-11,-0.19979987075550484,2.4214979790330996e-07,-0.18393809635519015,2.0719236807221442e-06,657,24
stable_nature,1000,5000,685,-0.21751903219989496,8.838909198242324e-09,-0.2825922806176299,4.816789416450556e-14,-0.22672781312733645,1.954742255025079e-09,-0.216413296013757,1.0547971459477665e-08,685,18
stable_nature,1000,6000,693,-0.22864063523889278,1.1368225681267586e-09,-0.29243636593369055,3.9391344558777645e-15,-0.23551327485128354,3.447800067267891e-10,-0.2317653916327935,6.639488861875166e-10,693,11
stable_nature,1000,7000,698,-0.23686021172008187,2.343609661103821e-10,-0.2965306715542288,1.235691061275552e-15,-0.24658607530064297,3.966782273088634e-11,-0.2356837400732338,2.8902597634261173e-10,698,7
stable_nature,1000,8000,706,-0.2508708177274756,1.3569945184166885e-11,-0.30767434392499227,6.044241946835652e-17,-0.25971547601215594,2.39671536401868e-12,-0.25486988438117253,6.247164082315238e-12,706,1
stable_nature,2000,3000,570,-0.1439759173741605,0.0005651482145622861,-0.19030342547678014,4.754584328769327e-06,-0.15049570870688397,0.00031130748908862635,-0.13389518135271514,0.0013547364224525665,570,32
stable_nature,2000,4000,592,-0.18788672297673245,4.167015499465978e-06,-0.2400136142963715,3.336898723011635e-09,-0.1896370908877222,3.3753995556456654e-06,-0.17322210672507282,2.2567520780326966e-05,592,27
stable_nature,2000,5000,682,-0.21845764343367993,8.197334920338124e-09,-0.2818260280248396,6.433205175974222e-14,-0.22886052976886384,1.483170052416455e-09,-0.20861538829356288,3.827428197886397e-08,682,17
stable_nature,2000,6000,692,-0.23119920658881532,7.532391589631807e-10,-0.292365543606697,4.1879967523613415e-15,-0.24334379778864187,8.7231392593753e-11,-0.22404280399311474,2.5393753654703294e-09,692,10
stable_nature,2000,7000,697,-0.23781232027900004,2.036020069343843e-10,-0.2946677327879697,1.981446049095965e-15,-0.2514010175584183,1.6539674828707253e-11,-0.22690403081111668,1.37067247017404e-09,697,6
stable_nature,2000,8000,705,-0.250357566533882,1.5479118135726873e-11,-0.3048401706858175,1.2576954763423275e-16,-0.2622745902762177,1.4864654597793565e-12,-0.24216654977233004,7.231076442282293e-11,705,3
stable_nature,3000,4000,406,-0.23944078426837048,1.056013740129243e-06,-0.25717283002609415,1.4838710298713947e-07,-0.23591840833220146,1.5322155225906986e-06,-0.22914728431969814,3.0835826918504685e-06,406,5
stable_nature,3000,5000,675,-0.20780226190406517,5.08138583386635e-08,-0.25435277656536337,1.9916004447467557e-11,-0.2163006533652505,1.374191473146968e-08,-0.197902168844876,2.1779400880844504e-07,675,21
stable_nature,3000,6000,689,-0.22187858166977534,3.932550061982077e-09,-0.26481450747234064,1.6067009938665834e-12,-0.22720476768400147,1.6185438466637215e-09,-0.21144490703984756,2.099733921855669e-08,689,15
stable_nature,3000,7000,695,-0.22464874170424165,2.118787511370699e-09,-0.26374049380179315,1.5955991632437995e-12,-0.23387679203750183,4.338884938775709e-10,-0.21438695212964076,1.1419260119248206e-08,695,14
stable_nature,3000,8000,703,-0.23438282319861267,3.149366054081215e-10,-0.2722809710479197,2.0471477534723905e-13,-0.24288154551312446,6.741049176878235e-11,-0.22640730535467377,1.2685987527838062e-09,703,9
stable_nature,4000,5000,667,-0.16840430731389447,1.2290272681847028e-05,-0.20786377857369914,6.041309470693436e-08,-0.17241593639173292,7.531074320628562e-06,-0.16771056937949544,1.3361339585555483e-05,667,29
stable_nature,4000,6000,685,-0.1889413687652768,6.326683180260619e-07,-0.22559177165811764,2.36308465966532e-09,-0.1911278270157742,4.662898363013161e-07,-0.1875197826235483,7.700439228812609e-07,685,26
stable_nature,4000,7000,693,-0.197604073393249,1.5686714310861245e-07,-0.23113050761395754,7.410742138824561e-10,-0.20365642974794912,6.36133324912771e-08,-0.19421469902887836,2.569116532764372e-07,693,23
stable_nature,4000,8000,702,-0.21027408691647748,1.8621639324043452e-08,-0.24204284500270612,8.116080071594263e-11,-0.2186481964993865,4.804814411275098e-09,-0.21156837501908454,1.515816410935889e-08,702,20
