parent_label,inner_m,outer_m,n_parents,n,n_pos,n_neg,mcc,f1,roc_auc,opt_threshold,good_score_median,bad_score_median
built_loss,0,1000,86,11003,2890,8113,0.8842181539069321,0.9130512408498482,0.9859747929014777,0.4864082511012265,0.700557455041893,0.1615836710692632
built_loss,0,2000,89,29777,11267,18510,0.9074840965825837,0.9423196933226353,0.989572422094673,0.46982647325889265,0.7224585153392686,0.23075169564711615
built_loss,0,3000,89,51982,24141,27841,0.9121805052365505,0.9524725964354447,0.9907930995555917,0.484727451617096,0.7390397228370318,0.2660875112219287
built_loss,0,4000,90,67989,34423,33566,0.9207415568930197,0.9604175218436639,0.992205943057216,0.4888699728427812,0.7477682485155559,0.27799207530569164
built_loss,0,5000,90,101080,51889,49191,0.9200251561344797,0.9608765510966568,0.9923687090264303,0.48392020835549915,0.7464498458824802,0.29205515493580464
built_loss,0,6000,90,102267,52019,50248,0.9205692372499326,0.9607693570345767,0.9924514560416869,0.48389853226460555,0.7450533592224334,0.29052028702558425
built_loss,0,7000,90,102723,52019,50704,0.920851218195068,0.9607307346934835,0.9924934827621514,0.48389853226460555,0.7448522560682698,0.2894134462649611
built_loss,0,8000,90,103017,52019,50998,0.921041595061352,0.9607106647998841,0.9925322693451142,0.48389853226460555,0.7445347257255736,0.28867533677039114
built_loss,500,1000,77,6697,1961,4736,0.8640927145140495,0.9006410256410257,0.9831185524828755,0.49842576015917706,0.7079357587983537,0.15980483843303656
built_loss,500,2000,88,25844,10401,15443,0.9058273039227321,0.9436633281972265,0.9889455000438512,0.4697544732370539,0.7262444689211311,0.2382804222041407
built_loss,500,3000,88,47881,23107,24774,0.9111305356498967,0.9535579379462433,0.9903815636383154,0.48547803198928235,0.7409764295407314,0.2727780103256207
built_loss,500,4000,90,64174,33673,30501,0.9201846470596093,0.9616679888042389,0.9920068539158513,0.4888699728427812,0.7520500321858712,0.2836898644972627
built_loss,500,5000,90,97265,51139,46126,0.9191304176259049,0.961310519994487,0.992248285059282,0.4890052676432871,0.7498186635110811,0.2959702561429189
built_loss,500,6000,90,98452,51269,47183,0.9197848142053889,0.9612177755953842,0.9923585898180466,0.4890052676432871,0.7482164959684305,0.2944318950259819
built_loss,500,7000,90,98908,51269,47639,0.9201386334132227,0.9611973719100793,0.9924082482556117,0.4890052676432871,0.7480431869586915,0.29347056677909633
built_loss,500,8000,90,99202,51269,47933,0.9203476070197373,0.9611784925116622,0.9924454714433729,0.4890052676432871,0.7474579274005914,0.29279663251744853
built_loss,1000,2000,83,18208,7811,10397,0.8934080669446358,0.9382876445368326,0.985683670039294,0.48338303698398893,0.7301142349838325,0.247386632562138
built_loss,1000,3000,83,39617,19889,19728,0.9039581573096491,0.9516120842853516,0.9887705562506135,0.48687981042259065,0.7420392147141484,0.28402293263272166
built_loss,1000,4000,85,55180,29727,25453,0.9152120600890681,0.9607409781856832,0.9910322067775068,0.48223181099003726,0.7508179522690623,0.29247444978432374
built_loss,1000,5000,89,89457,48379,41078,0.9174353015741961,0.9617744317118316,0.9918641444183656,0.48840068535255104,0.7527593357227841,0.3017742766042562
built_loss,1000,6000,90,91214,49079,42135,0.9185199262974154,0.9620510086927997,0.9920738372725448,0.48840068535255104,0.7536678864126528,0.29976385944931216
built_loss,1000,7000,90,91670,49079,42591,0.9188950274497949,0.9620100049204526,0.992126598341392,0.48840068535255104,0.7531446721215246,0.2986485280301753
built_loss,1000,8000,90,91964,49079,42885,0.9191440830617235,0.9619902823051848,0.9921702543407571,0.48840068535255104,0.7524920706002463,0.2977778268981817
built_loss,2000,3000,66,19003,9672,9331,0.8892639744694714,0.9451705285082009,0.9849834511977871,0.48456551650940494,0.7321741658610244,0.2878211624146639
built_loss,2000,4000,68,32259,17203,15056,0.9076449909725549,0.9569058204748205,0.989240363075837,0.47823683615443013,0.7387848944510451,0.2929654115335142
built_loss,2000,5000,89,70733,40052,30681,0.9136867207157678,0.9624252134077653,0.9914861983160361,0.48307426513828,0.7613645427326755,0.302387433570507
built_loss,2000,6000,90,72382,40644,31738,0.9150946968963553,0.9626422959756293,0.9917256069771481,0.48307426513828,0.7612828785933903,0.2999273821759237
built_loss,2000,7000,90,72838,40644,32194,0.9157111987998912,0.9626167071621505,0.9918122339790759,0.48307426513828,0.7606022515790302,0.29804241523897634
built_loss,2000,8000,90,73132,40644,32488,0.9160235978403227,0.9625673725625624,0.9918676944629049,0.48307426513828,0.7595486825147235,0.2970211930937516
built_loss,3000,4000,48,10685,5395,5290,0.9068004055794172,0.9537002603198215,0.9889786629431788,0.48127945910746966,0.744920767510906,0.2584637816390103
built_loss,3000,5000,89,48496,27150,21346,0.9121002357883384,0.960941699879507,0.9910717997376903,0.48628135426823044,0.7653094668323314,0.290999426461662
built_loss,3000,6000,90,50001,27598,22403,0.914267329432691,0.9612241920186766,0.9913959625740779,0.48628135426823044,0.7646049673105724,0.28668421060167665
built_loss,3000,7000,90,50457,27598,22859,0.9151182668229397,0.9611862984715281,0.9915459209235647,0.48628135426823044,0.7637863474624522,0.28391820002765966
built_loss,3000,8000,90,50751,27598,23153,0.9156985350917884,0.9611862984715281,0.991637578142272,0.48628135426823044,0.7630044479173714,0.28159763146230327
built_loss,4000,5000,88,32687,17066,15621,0.9041378707674076,0.9538162085643506,0.9887132423139279,0.48605742827452997,0.7604891166568326,0.2755768692120169
built_loss,4000,6000,90,34278,17596,16682,0.907813456545005,0.9548906526580254,0.989326597207314,0.48236232608371366,0.7616843279247876,0.27016785688515976
built_loss,4000,7000,90,34734,17596,17138,0.9091763558916951,0.954945180447693,0.989592908810713,0.48236232608371366,0.7607359237377672,0.2666305932321624
built_loss,4000,8000,90,35028,17596,17432,0.9099445845334672,0.954945180447693,0.98975680423948,0.48236232608371366,0.7600148722635345,0.26387472174171284
crop_loss,0,1000,61,5832,2207,3625,0.8724044430830855,0.9201190203707942,0.9798469446744684,0.4792794891931674,0.7240194738941451,0.13362235813505396
crop_loss,0,2000,68,20807,9099,11708,0.892142700733782,0.9392070484581497,0.9864602626996445,0.48040864693431073,0.7111156309148099,0.18674935369470996
crop_loss,0,3000,68,38233,18846,19387,0.9035184905780148,0.9510355815188529,0.9881197967409254,0.4877262979388756,0.7222698557852787,0.2191836098990926
crop_loss,0,4000,68,50409,25635,24774,0.9093693751501962,0.9553592369634899,0.9894130106043557,0.49083663377785164,0.7255052734482385,0.22958051239284236
crop_loss,0,5000,68,75527,38505,37022,0.9131402509032591,0.9573895754551479,0.9898674320285917,0.49055615623377646,0.7269818451188919,0.23671515107479726
crop_loss,0,6000,68,76229,38581,37648,0.9131470369857431,0.9570631729147749,0.9899297368010319,0.49055615623377646,0.7255325188115187,0.23604827894893943
crop_loss,0,7000,68,76435,38643,37792,0.9129647497940515,0.9569226784095325,0.989886577742637,0.49055615623377646,0.7250380283810572,0.23614866041594204
crop_loss,0,8000,68,76435,38643,37792,0.9129647497940515,0.9569226784095325,0.989886577742637,0.49055615623377646,0.7250380283810572,0.23614866041594204
crop_loss,500,1000,54,3787,1498,2289,0.8637199288188167,0.9166666666666666,0.9766197656289645,0.4776105978376267,0.7337266213710361,0.1393657062598707
crop_loss,500,2000,67,18830,8364,10466,0.8895722472482249,0.9383339343671114,0.9858934256657458,0.48474656218491546,0.7117297142421627,0.1869030692956145
crop_loss,500,3000,67,36152,18007,18145,0.9036841806614095,0.9516079717597354,0.9878528638697394,0.488392146389618,0.7223661898166918,0.22062022237832168
crop_loss,500,4000,67,48238,24706,23532,0.9091675657757478,0.9555744888023369,0.9892060256355691,0.49115399902464507,0.7250395615135419,0.23074942295701356
crop_loss,500,5000,68,73646,37866,35780,0.913657597420176,0.9580200584045773,0.9897820104178965,0.49043823203170095,0.727938165031493,0.23742573150329663
crop_loss,500,6000,68,74348,37942,36406,0.9136174359848864,0.9576595351781992,0.9898501274058524,0.49043823203170095,0.7265293147867102,0.23649156956195647
crop_loss,500,7000,68,74554,38004,36550,0.9134513098738387,0.9576243348006044,0.9898060352492235,0.48749741025263016,0.7259792790238986,0.23680283889784387
crop_loss,500,8000,68,74554,38004,36550,0.9134513098738387,0.9576243348006044,0.9898060352492235,0.48749741025263016,0.7259792790238986,0.23680283889784387
crop_loss,1000,2000,67,14681,6608,8073,0.88165702814425,0.9349076597033,0.984296423915068,0.48031892019793637,0.7177621679127811,0.1771667035089915
crop_loss,1000,3000,67,32003,16251,15752,0.8991951327438981,0.9505927037706374,0.9871407803978091,0.4819136836885196,0.7279794037310408,0.22064360754452592
crop_loss,1000,4000,67,44089,22950,21139,0.9060043547580441,0.9551805558564218,0.9888477935392058,0.48070069007236077,0.7313089697410913,0.23037349496775456
crop_loss,1000,5000,68,69475,36088,33387,0.9117749439910013,0.9576200764500582,0.9896247583399151,0.49043823203170095,0.7319915783907667,0.23733161236634567
crop_loss,1000,6000,68,70177,36164,34013,0.9118795714912807,0.9573819345759579,0.9896967791123463,0.4877262979388756,0.7302403433838662,0.2363139890165531
crop_loss,1000,7000,68,70383,36226,34157,0.9117461601095304,0.9572583644402816,0.989667457844321,0.4877262979388756,0.7297118375726925,0.23658446055101656
crop_loss,1000,8000,68,70383,36226,34157,0.9117461601095304,0.9572583644402816,0.989667457844321,0.4877262979388756,0.7297118375726925,0.23658446055101656
crop_loss,2000,3000,57,16389,8722,7667,0.89618324688707,0.9516304037462167,0.9863397413077192,0.4801825905133043,0.7476523543345832,0.2182182140058465
crop_loss,2000,4000,57,27552,14498,13054,0.905821743760435,0.9553300193316764,0.9885724795691985,0.4911671438765324,0.7439685372139768,0.22932452071677165
crop_loss,2000,5000,67,54656,29342,25314,0.9134428653671848,0.9600271923861319,0.9896510232946485,0.4876537891083214,0.746386586937095,0.2366432451996515
crop_loss,2000,6000,68,55422,29482,25940,0.9139262928733792,0.9598172743422723,0.9897132834916664,0.4876537891083214,0.7436220692284928,0.23511848961038334
crop_loss,2000,7000,68,55628,29544,26084,0.9137594751178343,0.9597044883363975,0.9897045517153376,0.48535436763760115,0.7432358716936069,0.23514632588806192
crop_loss,2000,8000,68,55628,29544,26084,0.9137594751178343,0.9597044883363975,0.9897045517153376,0.48535436763760115,0.7432358716936069,0.23514632588806192
crop_loss,3000,4000,45,9606,4857,4749,0.8843372708499636,0.9423475736209042,0.9835748392659239,0.49666705858233745,0.739784685797361,0.20599050409730593
crop_loss,3000,5000,67,37248,19613,17635,0.9105514996700116,0.9577170786345238,0.9887773642552139,0.4877926154688301,0.7536171596158663,0.2229308842845542
crop_loss,3000,6000,68,37996,19735,18261,0.9115365790394299,0.9575297393065046,0.9889032806086927,0.4877926154688301,0.7516308966506251,0.22085599143811654
crop_loss,3000,7000,68,38202,19797,18405,0.9112965261459471,0.9572986069049061,0.9888947003885142,0.4877926154688301,0.7503667972874773,0.22109406164855647
crop_loss,3000,8000,68,38202,19797,18405,0.9112965261459471,0.9572986069049061,0.9888947003885142,0.4877926154688301,0.7503667972874773,0.22109406164855647
crop_loss,4000,5000,67,25072,12824,12248,0.9063799019858683,0.95426722289368,0.9878295979065216,0.48978432329589,0.7555454062922028,0.20214727375252312
crop_loss,4000,6000,68,25820,12946,12874,0.9072827596523118,0.9538283510125362,0.9880300758632174,0.48683617713204225,0.7527176474768181,0.20026090600240104
crop_loss,4000,7000,68,26026,13008,13018,0.9069406806991555,0.9534928376665771,0.9880072678722639,0.48683617713204225,0.7520310817254678,0.20084073549137058
crop_loss,4000,8000,68,26026,13008,13018,0.9069406806991555,0.9534928376665771,0.9880072678722639,0.48683617713204225,0.7520310817254678,0.20084073549137058
stable_built,0,1000,207,17180,3597,13583,0.7649395801228484,0.8092707410687925,0.9524558194103977,0.48158355460386965,0.6060538063939709,0.1742031227618052
stable_built,0,2000,233,43768,15268,28500,0.8075103915015536,0.8722594550904254,0.9662226466086621,0.483919736814624,0.6616414572320666,0.255765477452602
stable_built,0,3000,234,72634,32957,39677,0.8143293582667629,0.8951143125587222,0.9684353512228748,0.4967807594613602,0.6841016204594873,0.29809957691659117
stable_built,0,4000,235,89958,45394,44564,0.8227379822090573,0.9088641465792875,0.9714290601942932,0.49916640475378826,0.6986174344522578,0.31023450188330476
stable_built,0,5000,236,133738,68526,65212,0.8229105385839494,0.9118912662848325,0.9709823387466788,0.4920019826852024,0.6922145088833334,0.32594404747595324
stable_built,0,6000,236,135657,68570,67087,0.8233059628837891,0.9108280727261937,0.9709666163704693,0.4920019826852024,0.6894239180939087,0.32446625751225167
stable_built,0,7000,236,136149,68570,67579,0.8235120391745778,0.9106043295695654,0.9710087161871142,0.4920019826852024,0.6888547857240006,0.3240414217000499
stable_built,0,8000,236,136232,68570,67662,0.8236784453749667,0.9106300264118468,0.9710343239572026,0.4920019826852024,0.6884562818438056,0.32400153559303924
stable_built,500,1000,174,8571,2320,6251,0.7385447467343734,0.8026617714547958,0.9304200293470286,0.48245070347828684,0.6063572792471675,0.20652895690876963
stable_built,500,2000,227,35073,14021,21052,0.7985122238763342,0.8747216862104794,0.9615652320222199,0.4955823986395704,0.6712718353285201,0.2834832526383485
stable_built,500,3000,228,63477,31252,32225,0.8036650881077034,0.8957199734571998,0.9649321856899995,0.5020299349796054,0.6890260189083167,0.3197707160622245
stable_built,500,4000,229,80403,43291,37112,0.8119337902900018,0.9092684088338592,0.9685322143941947,0.5019785122069614,0.7016809596746046,0.32971052653507127
stable_built,500,5000,236,125343,67579,57764,0.8166722933988524,0.9138527845981724,0.9693882331914371,0.49180417873367455,0.6960333060297571,0.33829481420331664
stable_built,500,6000,236,127262,67623,59639,0.8175424451434622,0.91276921690547,0.9694380523139556,0.49200005846699046,0.6930649561308017,0.3362356675285966
stable_built,500,7000,236,127754,67623,60131,0.8178658124107249,0.9125376474917946,0.9694987811085448,0.49200005846699046,0.692433285549897,0.33555440885271276
stable_built,500,8000,236,127837,67623,60214,0.8180603139891717,0.9125637501220547,0.9695323006196934,0.49200005846699046,0.6919250391337411,0.3355085028718433
stable_built,1000,2000,206,23978,10309,13669,0.7854326622146864,0.8737903023617309,0.9564671491429851,0.4917701567747687,0.6711016751886113,0.2945567238705023
stable_built,1000,3000,209,50937,26079,24858,0.7913934328074361,0.8959903174169367,0.9611153181429082,0.4908813223005165,0.6839896302908842,0.33091326784842956
stable_built,1000,4000,210,66810,37065,29745,0.8019862916698948,0.9085806710258927,0.9655846773658656,0.49916172134459935,0.6958395878064829,0.33904928223763986
stable_built,1000,5000,234,114577,64181,50396,0.8129704331331601,0.9162003236118237,0.9687304389252082,0.4921287263740712,0.6989579039561578,0.34477521028669234
stable_built,1000,6000,236,117066,64794,52272,0.8149945920211039,0.9158710424046228,0.9690902825378661,0.49175180662495627,0.6971618554509214,0.3419393649481939
stable_built,1000,7000,236,117558,64794,52764,0.8153875872911402,0.9156063035232471,0.969164871487994,0.49175180662495627,0.6964194136301045,0.34124606289654696
stable_built,1000,8000,236,117641,64794,52847,0.8156332544857197,0.9156407890002972,0.9692077555629229,0.49175180662495627,0.6958622196543016,0.3411575787417016
stable_built,2000,3000,161,23351,12242,11109,0.7753926243550546,0.8884107496941316,0.955227469366868,0.5059406180335633,0.6775316015393049,0.33197658886138115
stable_built,2000,4000,162,36522,20655,15867,0.7954506591246981,0.9081779053084649,0.9628556102937306,0.501856933125457,0.6903906291342533,0.3401105344984676
stable_built,2000,5000,233,89244,52538,36706,0.8134710298468814,0.921098998973803,0.9696661428199582,0.4980443819674431,0.7079750012455159,0.3441113473094316
stable_built,2000,6000,236,91789,53205,38584,0.8162693467367267,0.9209504640714279,0.9702678400569523,0.4953794387558128,0.7056145826841577,0.34060585525738263
stable_built,2000,7000,236,92281,53205,39076,0.8170657579348248,0.920700348265827,0.9704115769703514,0.4953794387558128,0.7046210619948841,0.3394775890324109
stable_built,2000,8000,236,92364,53205,39159,0.8172934474440129,0.9206927811441386,0.9704702832748798,0.4953794387558128,0.704084020789841,0.33932876417846897
stable_built,3000,4000,85,9149,4792,4357,0.8262328783031496,0.9165966386554621,0.9684172093876912,0.4880822461077383,0.6979899704347724,0.2996968791792581
stable_built,3000,5000,233,60684,35153,25531,0.8233059695980615,0.9227522161249473,0.9714555565864167,0.5025908978127028,0.7122121371133222,0.32802954588892147
stable_built,3000,6000,236,62971,35562,27409,0.8276850788405072,0.9226952693692014,0.9723012827971776,0.49776915696746793,0.7091834766447396,0.3228031814993714
stable_built,3000,7000,236,63463,35562,27901,0.8286142529945545,0.9223487564900605,0.9725315853354022,0.49776915696746793,0.70822518481186,0.32130157426449396
stable_built,3000,8000,236,63546,35562,27984,0.828899961776417,0.9223398456551052,0.9726087482996623,0.49776915696746793,0.7075167234952671,0.32119006336295686
stable_built,4000,5000,233,43472,22833,20639,0.8211579653609126,0.9124599493625507,0.9696535717971881,0.4973735255267508,0.700616735533213,0.3099465960171877
stable_built,4000,6000,236,45689,23172,22517,0.8256897254849099,0.9114500442086649,0.9708066592967436,0.49716688173935253,0.6965303765528645,0.30309335737775267
stable_built,4000,7000,236,46181,23172,23009,0.8267022590961108,0.9109808691805816,0.9711255670360138,0.49716688173935253,0.6954317751811206,0.30124283824714476
stable_built,4000,8000,236,46264,23172,23092,0.8269492143045791,0.9108257693159176,0.971219268484046,0.4980017193693808,0.6944534219715426,0.3011185287218796
stable_crop,0,1000,441,18289,6879,11410,0.7067402877906929,0.816683680910019,0.9207803882792311,0.45845304698858597,0.617519046738511,0.20393114581573424
stable_crop,0,2000,518,74026,30305,43721,0.7451159337123944,0.8486721839997341,0.9474678433086497,0.484034863666636,0.6386146740123504,0.262185938958026
stable_crop,0,3000,526,149517,67461,82056,0.7597177457350165,0.8686746543778802,0.9522847109463484,0.48342184283761275,0.6413690872681094,0.29328883315298304
stable_crop,0,4000,526,198911,97684,101227,0.7655475314513301,0.8813705891030434,0.954747400111091,0.4850297491244897,0.6488833177954321,0.3114428370307912
stable_crop,0,5000,528,300119,148761,151358,0.7642492699658394,0.8819264888885924,0.9544101024818468,0.48639998115582816,0.6464004650665038,0.3253182821082279
stable_crop,0,6000,528,301423,149179,152244,0.7645190364304578,0.8818856249376227,0.9544827274780545,0.486421355784175,0.6459888481213363,0.32501429797114634
stable_crop,0,7000,528,301593,149179,152414,0.7645320956164294,0.88182810150501,0.9544920815661895,0.486421355784175,0.6458962685624255,0.32486967527179084
stable_crop,0,8000,528,301662,149179,152483,0.7645786614558355,0.8818235953598387,0.9545004285919656,0.486421355784175,0.6457984483661746,0.3247840901511684
stable_crop,500,1000,413,12311,5067,7244,0.6708191040739699,0.8001640520865375,0.892298255829096,0.47418842535974237,0.6203474979268596,0.22035246447276796
stable_crop,500,2000,518,68030,28668,39362,0.7458556881136115,0.8523635853555899,0.9470062008712468,0.4836106405705955,0.6428849644760426,0.26457668747770663
stable_crop,500,3000,526,143507,65824,77683,0.7596502666120871,0.870601195146979,0.9521450268267698,0.48269751266793987,0.6440160893202296,0.29541070736518654
stable_crop,500,4000,526,192901,96047,96854,0.7656430200034517,0.8830596571073931,0.9546570509651698,0.4850297491244897,0.6510954228923986,0.3134136595712306
stable_crop,500,5000,528,294109,147124,146985,0.763900431277654,0.8826237443045847,0.9543297208078475,0.48776537276548515,0.6479344305289528,0.32679525662472125
stable_crop,500,6000,528,295413,147542,147871,0.7641266876154008,0.8827893274863634,0.9544035566708547,0.48645224589269936,0.6474395538910074,0.32648184191792146
stable_crop,500,7000,528,295583,147542,148041,0.7641358562253623,0.8827274041840554,0.9544135838073654,0.48645224589269936,0.64728112030324,0.3263374782241511
stable_crop,500,8000,528,295652,147542,148110,0.7641845227141654,0.8827228581805464,0.9544220436321122,0.48645224589269936,0.6471775584099998,0.3262222597825899
stable_crop,1000,2000,514,52946,23035,29911,0.739505028464928,0.8512958037500274,0.94466242327457,0.4877606071659464,0.6470519605380921,0.2654932550805659
stable_crop,1000,3000,523,128222,59966,68256,0.7580321780527435,0.8719371320210996,0.9516111567280687,0.4828362194146043,0.6475290670901763,0.2958754753313036
stable_crop,1000,4000,523,177373,89946,87427,0.7644362464139994,0.8849462010330282,0.9544419722751228,0.48394144445958237,0.65457861563032,0.3144439861534697
stable_crop,1000,5000,527,278859,141305,137554,0.7630949295506722,0.883826126107113,0.9541999637818831,0.48786948897155497,0.6499153711157513,0.3279534046671639
stable_crop,1000,6000,527,280163,141723,138440,0.7633694075781606,0.8837463786923309,0.9542781119661492,0.4879552195044246,0.6494114714077369,0.3275814551778954
stable_crop,1000,7000,528,280627,142013,138614,0.763628996589815,0.8839193834048541,0.9543758341344732,0.4879552195044246,0.6495812290843558,0.3274174452516113
stable_crop,1000,8000,528,280696,142013,138683,0.7636746862210689,0.8839099449757081,0.9543805586584374,0.4879552195044246,0.6494173746624762,0.32732018240508115
stable_crop,2000,3000,501,73489,35544,37945,0.7535468362346424,0.8735667499965085,0.9494681753418589,0.48187422113869904,0.6553015974947585,0.286046258291952
stable_crop,2000,4000,502,121522,64302,57220,0.7640366736399623,0.8895727341611641,0.9547032779968684,0.48688111433253695,0.6660091817596073,0.30890322593945363
stable_crop,2000,5000,527,225569,118162,107407,0.7642033403016574,0.8866784110152321,0.9545089651862282,0.4964550507351146,0.6579285410638811,0.3269784967245728
stable_crop,2000,6000,527,226873,118580,108293,0.764433293882798,0.8865209944023428,0.9546031769843648,0.4964550507351146,0.6572732430177565,0.3265560404239196
stable_crop,2000,7000,528,227314,118847,108467,0.7647440378132981,0.8867081978058328,0.9547125511016589,0.4964550507351146,0.6574428634915596,0.3263178982185939
stable_crop,2000,8000,528,227383,118847,108536,0.7647946897881395,0.8866949950382942,0.9547198942163415,0.4964550507351146,0.6572094890342628,0.3261497853581774
stable_crop,3000,4000,353,37536,20565,16971,0.7589793286589664,0.8930414834639648,0.9503543687596365,0.4784621319918338,0.6780564471261931,0.2949569411823476
stable_crop,3000,5000,526,150214,80917,69297,0.7639097601248738,0.8907678584702297,0.9538058006692655,0.4927294029064136,0.6679883373826914,0.3216344327193949
stable_crop,3000,6000,527,151667,81484,70183,0.7644912125605994,0.8907082313285027,0.9540707148191901,0.4927294029064136,0.6672872508055157,0.32053279462467427
stable_crop,3000,7000,528,152039,81682,70357,0.7648716795480057,0.8908770702552113,0.9542113300568705,0.4927294029064136,0.6673418985137665,0.3201473215230044
stable_crop,3000,8000,528,152108,81682,70426,0.7649424865588688,0.8908511852529133,0.9542235944899863,0.4927294029064136,0.6671130850214501,0.31992278794099493
stable_crop,4000,5000,526,100910,50784,50126,0.7573197164527627,0.8779282868525896,0.9507586388759054,0.49392518866993745,0.6598632040476258,0.3034897273112894
stable_crop,4000,6000,527,102314,51302,51012,0.7587444334580419,0.8782007670995159,0.9512944567774145,0.49392518866993745,0.6599038125972061,0.30196612591412453
stable_crop,4000,7000,528,102588,51402,51186,0.7592292113955339,0.878361755936273,0.9514477589210479,0.49392518866993745,0.6599372237433164,0.30149354025921415
stable_crop,4000,8000,528,102657,51402,51255,0.7593296700143829,0.8783310371974021,0.9514793180868766,0.49392518866993745,0.659776127269873,0.30127351546101655
stable_nature,0,1000,497,26343,9948,16395,0.7406590110027724,0.8385702076315922,0.9433187371526203,0.46836119709157775,0.6483173568753764,0.22139781232564879
stable_nature,0,2000,622,95913,45059,50854,0.7724889926128942,0.8774165895914638,0.9555069376652667,0.4915148386991586,0.6783653722171707,0.28091246887646293
stable_nature,0,3000,656,188064,96946,91118,0.7772692279471461,0.8900775356244761,0.9589339271456744,0.4944504513552993,0.686079937262144,0.30601923286966526
stable_nature,0,4000,673,250137,130236,119901,0.7836194613955716,0.8949182809891688,0.9614842801276121,0.4920006007926706,0.6869496141295975,0.30989436477026394
stable_nature,0,5000,691,380542,200253,180289,0.7849682373842874,0.8963524573558608,0.9620203100311769,0.49415844780709756,0.6878926033679826,0.3204880586427208
stable_nature,0,6000,697,386449,202254,184195,0.7868948737807838,0.8966686224656105,0.9626100641288303,0.49415844780709756,0.6883223744876059,0.31818531071533945
stable_nature,0,7000,701,388825,203454,185371,0.7880165262857698,0.8971893196139428,0.9629846288726858,0.49415844780709756,0.6890210704046753,0.3170516117479508
stable_nature,0,8000,707,391684,205174,186510,0.7894856584496269,0.8980296978804176,0.9634864429154923,0.49415844780709756,0.6908166965345364,0.3156911025041365
stable_nature,500,1000,442,16295,6471,9824,0.7064276155113294,0.8237371411024106,0.9222701874109344,0.4565715940321665,0.6366600019909356,0.23348828790065174
stable_nature,500,2000,615,86012,41314,44698,0.7672841093148491,0.8772037594446833,0.9537895749489445,0.4913546331491615,0.6799460033624871,0.28644193193157075
stable_nature,500,3000,651,177801,92820,84981,0.7744083778389147,0.8902387018468503,0.9580615242839394,0.4943162749668629,0.6875431506369112,0.3097467592666693
stable_nature,500,4000,669,239768,126004,113764,0.7819365935708336,0.8952361857406368,0.9609752583350525,0.4920006007926706,0.6881787315125392,0.3126226042447318
stable_nature,500,5000,688,369923,195771,174152,0.7836680387929852,0.8964408499710049,0.9616641639136232,0.4940654340830375,0.6883055664495186,0.32212023620381225
stable_nature,500,6000,694,375808,197750,178058,0.7856294963309138,0.896725492457739,0.962281000101403,0.4940942678824005,0.6885593190497301,0.3196898879728647
stable_nature,500,7000,699,378464,199230,179234,0.7869329371446716,0.8974004101134172,0.9627198136170273,0.4940942678824005,0.6895798103851338,0.3185106537299699
stable_nature,500,8000,707,381864,201491,180373,0.7887135841534492,0.8985270296103269,0.9633321474620274,0.4940942678824005,0.6920756316393515,0.31717606186149766
stable_nature,1000,2000,594,65024,31286,33738,0.7572222986251611,0.8718657068105368,0.9500899705965664,0.4917905566227634,0.6774093205786181,0.28048686695074854
stable_nature,1000,3000,637,155598,81504,74094,0.7708817437969252,0.8888861208856227,0.9565543111725384,0.4947173335814715,0.6852358195174431,0.3087404898984474
stable_nature,1000,4000,657,216924,114045,102879,0.7791429780093585,0.8936904946847467,0.9601173330345888,0.4935173140796311,0.6863917808430026,0.311405484459316
stable_nature,1000,5000,686,348440,185174,163266,0.782223843450947,0.8968720291359195,0.9613457755123225,0.4911209093516054,0.6886716337536856,0.3216544471560693
stable_nature,1000,6000,694,354824,187648,167176,0.7845758526422111,0.897423834703901,0.9620864076158498,0.4911209093516054,0.6894263874240634,0.3190313745653187
stable_nature,1000,7000,699,357407,189055,168352,0.7859621476967846,0.8981052328234193,0.9625389005992153,0.4911209093516054,0.690533954541784,0.3177579721957142
stable_nature,1000,8000,707,360703,191212,169491,0.7877859089241482,0.8992201844543402,0.9631698566489936,0.4911209093516054,0.6931022566052379,0.31637896600030946
stable_nature,2000,3000,570,83662,44183,39479,0.7576362386964471,0.8840611228752933,0.9524761085955379,0.4940257717881177,0.683194113544908,0.3036425721344254
stable_nature,2000,4000,592,141428,73472,67956,0.777447494724495,0.8915099864275527,0.9589603485056969,0.494926037181517,0.6843697924039643,0.3016479412528022
stable_nature,2000,5000,683,278163,148806,129357,0.7833399763229458,0.897535261627313,0.9615690109263719,0.4942411500592252,0.6916927136512672,0.31587478054840695
stable_nature,2000,6000,693,284651,151382,133269,0.7863632337466606,0.8982903894243162,0.9624939753199452,0.49424733665973647,0.6930611664289803,0.3125409368258339
stable_nature,2000,7000,698,286974,152529,134445,0.7878733919836989,0.8989384500373785,0.9629905015711085,0.49424733665973647,0.6940727003769448,0.3108485151607185
stable_nature,2000,8000,706,289928,154344,135584,0.7898955747847921,0.90008536345131,0.9636871725473051,0.49424733665973647,0.6967136957449169,0.3091078616549377
stable_nature,3000,4000,406,45665,20581,25084,0.7677950770420628,0.8714075527219225,0.9551954875280687,0.48672183428539145,0.6715515201756003,0.2601299078060634
stable_nature,3000,5000,676,185733,96642,89091,0.7817880213287295,0.8932251260985962,0.9608662105013674,0.49380744574129615,0.6928377785317947,0.3018557986730131
stable_nature,3000,6000,690,191962,98953,93009,0.7859541565465873,0.8942358567619909,0.962166858875363,0.49380744574129615,0.6941439240450118,0.2963929191693342
stable_nature,3000,7000,696,194049,99855,94194,0.7878993900870465,0.8950077121607795,0.9628308971443207,0.49380744574129615,0.6949750544738927,0.2941449243521196
stable_nature,3000,8000,704,196390,101057,95333,0.7902973199096882,0.8961986098117914,0.9636550907637913,0.49380744574129615,0.6975361523309314,0.2914576380705656
stable_nature,4000,5000,668,125187,64873,60314,0.7776972632539131,0.8914157366463115,0.9584758919087448,0.4897295482210006,0.6951670126092339,0.29376513494172607
stable_nature,4000,6000,686,131184,66952,64232,0.7833500050692712,0.8925482494240284,0.960439923445377,0.4891515399872495,0.696841217657322,0.28528352452932404
stable_nature,4000,7000,694,133169,67752,65417,0.7860685994092266,0.8935503135264258,0.9613880221864771,0.4891515399872495,0.697831334623455,0.2818873907391881
stable_nature,4000,8000,703,135164,68606,66558,0.7890418632336348,0.8947783585335466,0.9624242585670889,0.4891515399872495,0.7000587437504279,0.27790556288060175
