parent_label,inner_m,outer_m,n_sites,mean_sim_all,median_sim_all,mean_sim_good,mean_sim_bad
built_loss,0,1000,90,0.8079106489852904,0.8083715396861371,0.8226802926697726,0.8514925995010378
built_loss,0,2000,90,0.7762673787711198,0.7815739682419047,0.79770691673275,0.8321686523954794
built_loss,0,3000,90,0.7554328134576898,0.7558743547003199,0.7869370300292274,0.82817122644096
built_loss,0,4000,90,0.7447182030520993,0.7435575926631851,0.7837788950509043,0.82617006927938
built_loss,0,5000,90,0.7407684514308016,0.7431717503472287,0.7803497108422284,0.8215299620307956
built_loss,0,6000,90,0.7406044260268854,0.7443210737844062,0.7797339702288224,0.8206715375708774
built_loss,0,7000,90,0.7403951350699589,0.7441659556285949,0.7799047561009582,0.819808192998116
built_loss,0,8000,90,0.7407852583135018,0.7452659992164725,0.7800803245147081,0.8197890855628343
built_loss,500,1000,90,0.8078892972475625,0.8177970207978273,0.8278759307563895,0.8576371174726674
built_loss,500,2000,90,0.7767768017324393,0.7794065164816497,0.797585967737275,0.8360172245931118
built_loss,500,3000,90,0.7564488653039758,0.7570613852308272,0.7871919335525179,0.8318025016435854
built_loss,500,4000,90,0.7463636134353243,0.7454086815863452,0.7839132394836308,0.8285079534023195
built_loss,500,5000,90,0.7423641713690499,0.7443036481766363,0.7800072731277651,0.8231465743205818
built_loss,500,6000,90,0.742339025197381,0.7432030032330452,0.7801789422952498,0.8212809466207086
built_loss,500,7000,90,0.741649994020214,0.7458169499953697,0.7798679834451504,0.82092055592452
built_loss,500,8000,90,0.7410889934660402,0.7449288980291247,0.7796687448904656,0.8205564177046702
built_loss,1000,2000,90,0.7768017023908524,0.7770247922990716,0.7980466624854591,0.8336018320047818
built_loss,1000,3000,90,0.7574706762546117,0.7569260488869536,0.7869318545071656,0.8269839873102087
built_loss,1000,4000,90,0.7481057684151494,0.7516130478751388,0.7839408689822139,0.8264846498041668
built_loss,1000,5000,90,0.7446364115382669,0.7489578761440119,0.7798379255947974,0.8235179814371109
built_loss,1000,6000,90,0.7434105575337641,0.7474023655976896,0.7800897415142971,0.8233188058387152
built_loss,1000,7000,90,0.7427435696812452,0.7480934977500897,0.7800255297964365,0.8224451300373136
built_loss,1000,8000,90,0.7421371071612259,0.7492484734650364,0.7798385719949976,0.8214155713088775
built_loss,2000,3000,90,0.7631865287710095,0.7646794102105806,0.7859978540339482,0.8241945251088967
built_loss,2000,4000,90,0.7562904877738441,0.7546463714851942,0.7832109198750816,0.821311439759281
built_loss,2000,5000,90,0.746346543553255,0.7490800694995694,0.7807656700449802,0.8246681458821676
built_loss,2000,6000,90,0.7453325272769626,0.7501921139614285,0.7802376192455276,0.8243847050472902
built_loss,2000,7000,90,0.7441495674656345,0.7504935913057489,0.7801915899561742,0.8232754106544212
built_loss,2000,8000,90,0.7433577619253232,0.7524508948962445,0.7806342821309493,0.8221625402354807
built_loss,3000,4000,90,0.776509782727985,0.7765484933851035,0.793076067684695,0.8240496941120706
built_loss,3000,5000,90,0.7468971960067241,0.7487960588663181,0.7823507234121881,0.826983587122178
built_loss,3000,6000,90,0.7452802909449907,0.7469017034185512,0.7817830291858272,0.8267887827274182
built_loss,3000,7000,90,0.7442610764630034,0.747463186539792,0.7819329782053999,0.8258764569559202
built_loss,3000,8000,90,0.7435088196455168,0.7474810946312187,0.7824815692668707,0.8249654341552056
built_loss,4000,5000,90,0.7463057599012862,0.748438546316872,0.7833657595627904,0.8295002588134249
built_loss,4000,6000,90,0.7449983470109877,0.7466263808513038,0.7830328657691035,0.8288923704507767
built_loss,4000,7000,90,0.7434721643248151,0.747385830761025,0.7827667180588991,0.8277059470040636
built_loss,4000,8000,90,0.7431354982382866,0.7480512318636081,0.7831270068810641,0.8270240113406045
crop_loss,0,1000,68,0.8655099941704996,0.8815800460155834,0.8670619247525622,0.9135472540713562
crop_loss,0,2000,68,0.8367769017899896,0.8375136936184687,0.8357126274663476,0.8977647442108351
crop_loss,0,3000,68,0.82109522438099,0.8298379744432673,0.8237228208770718,0.892283695945389
crop_loss,0,4000,68,0.8113012269996128,0.8163874067744152,0.8193798989375569,0.8897861001704326
crop_loss,0,5000,68,0.8033707063759393,0.8152255269450046,0.8114454520672055,0.8806701565612988
crop_loss,0,6000,68,0.8026948504129081,0.8162507056319233,0.8116709150648402,0.8799697296640491
crop_loss,0,7000,68,0.8030700056012793,0.8167032440488904,0.8116905879785001,0.8804338835217207
crop_loss,0,8000,68,0.803269169078758,0.8144651948588759,0.811323725269734,0.8802817388196535
crop_loss,500,1000,68,0.862856081644515,0.87628109075247,0.8737841172834973,0.9123722893806298
crop_loss,500,2000,68,0.8320573373972938,0.8337939300436445,0.8363572273026915,0.8967572842825258
crop_loss,500,3000,68,0.8187305649715713,0.8275358622794922,0.8248501676350515,0.8910127799119116
crop_loss,500,4000,68,0.8102621457710808,0.8207789668886589,0.8193796589580111,0.8882464000239616
crop_loss,500,5000,68,0.8018731104338466,0.8164664978368932,0.8118721994582009,0.8806467012776062
crop_loss,500,6000,68,0.8018017655910405,0.8148739871504238,0.8120001579284947,0.8798034651713944
crop_loss,500,7000,68,0.801570480481607,0.816797652424678,0.8115423097486653,0.8796675306823811
crop_loss,500,8000,68,0.801771849786059,0.8157599769869718,0.8119228014403619,0.8791903344407329
crop_loss,1000,2000,68,0.8301834365473032,0.8330102220702763,0.8351795798384716,0.8987692436750649
crop_loss,1000,3000,68,0.8168492655295863,0.8300247809724798,0.8246258600349874,0.8911180250773146
crop_loss,1000,4000,68,0.8084960185047292,0.8208276987675653,0.8198810326403151,0.888640821177412
crop_loss,1000,5000,68,0.8013533030859465,0.8181979549324173,0.8116045504408119,0.8801918128546105
crop_loss,1000,6000,68,0.800596618997728,0.8162503811647874,0.8113812434200952,0.8796903151068478
crop_loss,1000,7000,68,0.8009897905559902,0.8171059244639792,0.8117210728890236,0.8796241140389517
crop_loss,1000,8000,68,0.8009275696753138,0.8179144184303869,0.8114095718322956,0.8795238638093641
crop_loss,2000,3000,68,0.8151561218881547,0.8272388275496336,0.8231337494105563,0.8920068574061113
crop_loss,2000,4000,68,0.8093247676709006,0.8161152710189508,0.8179461813851284,0.8881896995222827
crop_loss,2000,5000,68,0.7995073285525285,0.8141175897626025,0.8105326287293056,0.8810211471910597
crop_loss,2000,6000,68,0.7983504692777977,0.8123486841725938,0.8096107301895004,0.8811346092429073
crop_loss,2000,7000,68,0.7994232524349929,0.81281790861121,0.8101436902483601,0.8802977101677246
crop_loss,2000,8000,68,0.7989678457051115,0.8123322319988739,0.8102376500103531,0.8803310073194572
crop_loss,3000,4000,68,0.8134093276167826,0.8186901578723882,0.8151431470111213,0.884815901200652
crop_loss,3000,5000,68,0.7988038850813444,0.8105637751833341,0.8107880149479739,0.8818829603589474
crop_loss,3000,6000,68,0.7967030782891137,0.8062563163205068,0.8086224207084887,0.8825715739538508
crop_loss,3000,7000,68,0.7975384310169712,0.8077661193074709,0.8086855230596184,0.8818889092701185
crop_loss,3000,8000,68,0.7975190176678378,0.8064239173173755,0.8087025921379392,0.881931180950048
crop_loss,4000,5000,68,0.7985339285406335,0.806141963286038,0.8108706977554943,0.883913760538176
crop_loss,4000,6000,68,0.7961017120873033,0.8021729483464677,0.8091142103050358,0.8840448893268325
crop_loss,4000,7000,68,0.7973925819229379,0.8019708393716298,0.8090100764383987,0.8832466821059874
crop_loss,4000,8000,68,0.7971262599871547,0.8034578193158878,0.8094377317804063,0.8833977838370233
stable_built,0,1000,236,0.8273810429009586,0.8310118885058859,0.8327515783549099,0.8607832401720209
stable_built,0,2000,236,0.7969050630486328,0.8022739383866188,0.8139153117960709,0.8488293326961995
stable_built,0,3000,236,0.7732942571816357,0.7751220672987128,0.8048738540648445,0.8415774041455318
stable_built,0,4000,236,0.7625716040756202,0.7636811941107775,0.801731845609236,0.8411506209197284
stable_built,0,5000,236,0.7559775396224688,0.7542527906761476,0.7956821810931715,0.832910183699457
stable_built,0,6000,236,0.7559834409627307,0.7524903100538428,0.7958018158205582,0.8308256284742539
stable_built,0,7000,236,0.7561408101634728,0.7538163111419385,0.7959636070804403,0.830339570889297
stable_built,0,8000,236,0.7564726357791306,0.7540369144352259,0.7957766717390966,0.8297575836878182
stable_built,500,1000,236,0.8228200187339371,0.822656197803406,0.8343754066766934,0.8595254159940987
stable_built,500,2000,236,0.7934589229146214,0.7983816200922247,0.8141419136023562,0.8476259605570614
stable_built,500,3000,236,0.7732310342886008,0.7755598438948736,0.8047132726207036,0.8405001184975244
stable_built,500,4000,236,0.7637314843235667,0.7625274391099632,0.8017650045325923,0.8396736992770704
stable_built,500,5000,236,0.7574164751375814,0.7556022722690354,0.7958483520812604,0.8317891336115878
stable_built,500,6000,236,0.7569889419494089,0.7545508040943459,0.7957460499365658,0.8296270994346896
stable_built,500,7000,236,0.7574106063171557,0.7562762572651536,0.7957210859229576,0.8300012501888873
stable_built,500,8000,236,0.7572771444531146,0.7556535076907414,0.7958251626024474,0.8299506459307209
stable_built,1000,2000,236,0.7926839969068232,0.7966333987959173,0.8134853724997114,0.8454941739809841
stable_built,1000,3000,236,0.7751264165721261,0.7777863670936147,0.8048334034820843,0.8374746854686065
stable_built,1000,4000,236,0.7675368949764844,0.7646247396200461,0.8016443086936461,0.8362013338298979
stable_built,1000,5000,236,0.759641999343624,0.7582478830761946,0.7957242745765243,0.8325032326679387
stable_built,1000,6000,236,0.7586902365515082,0.7587782511550513,0.795728635443978,0.8319959094682821
stable_built,1000,7000,236,0.7587764358051473,0.7574599651927063,0.7956680571741616,0.8316697917608505
stable_built,1000,8000,236,0.7584330091785678,0.7566697427252461,0.7956259708134082,0.8316383450895782
stable_built,2000,3000,236,0.7814200396522946,0.7848885254872002,0.8041648992917497,0.8338339106778884
stable_built,2000,4000,236,0.7757970197873297,0.7738117717972828,0.8010695545029903,0.8322035607282332
stable_built,2000,5000,236,0.7615751110415826,0.7635444384857597,0.7959144995366834,0.8345926217272911
stable_built,2000,6000,236,0.7601014202541645,0.7599047372994261,0.7959427737527596,0.833471947375769
stable_built,2000,7000,236,0.7595577983301869,0.7588983653865439,0.7957212900920937,0.8331214093135981
stable_built,2000,8000,236,0.7597233776502567,0.7608578899069883,0.7956581451616265,0.8329960735872692
stable_built,3000,4000,236,0.7931677052966706,0.7964682827864056,0.8058846162864303,0.8292640545527098
stable_built,3000,5000,236,0.7603858353427124,0.7618826384286739,0.7968485556769799,0.8376189119044043
stable_built,3000,6000,236,0.7592166818568137,0.7589413480300411,0.7970615072017453,0.8362351062738113
stable_built,3000,7000,236,0.7589179584273827,0.758985734729591,0.7970795293309895,0.8359170445178572
stable_built,3000,8000,236,0.7587376761054778,0.7601905075202282,0.7970962243823125,0.835827111278539
stable_built,4000,5000,236,0.7594730116576132,0.7600071112148482,0.7971788785259905,0.8395073664004276
stable_built,4000,6000,236,0.7587877497159379,0.7607246345849514,0.7971299349908294,0.8379554582644981
stable_built,4000,7000,236,0.7582362006135317,0.7614071749152931,0.7970588741755226,0.8376176449439288
stable_built,4000,8000,236,0.7581814754517197,0.7603144699503603,0.7968146136539501,0.8376162724563352
stable_crop,0,1000,528,0.849256998568033,0.85693731245489,0.8454648101655575,0.8989793053174673
stable_crop,0,2000,528,0.8264603120652653,0.8347946158523041,0.8297045219228792,0.8858609312167547
stable_crop,0,3000,528,0.8124571839469911,0.8188926074304801,0.8209413975617591,0.8822149788989566
stable_crop,0,4000,528,0.8019349737679388,0.8095288174597635,0.815706370883067,0.880386538204665
stable_crop,0,5000,528,0.7949474035048611,0.7990082723258842,0.8088781270343057,0.8747342878804091
stable_crop,0,6000,528,0.7947678112852091,0.7984639158432059,0.8090476280685196,0.8743810269088979
stable_crop,0,7000,528,0.7948699105973738,0.7992200176590409,0.8090122844606579,0.8742115681340596
stable_crop,0,8000,528,0.794657345334411,0.80012630221579,0.8090506922063102,0.8741945437484189
stable_crop,500,1000,528,0.8453287522281122,0.8533336501876989,0.8434231181121404,0.8994530790443266
stable_crop,500,2000,528,0.8253233800257478,0.8337470862210445,0.8302733301123971,0.8860712899263995
stable_crop,500,3000,528,0.8117005486282604,0.8182645910006008,0.8213106362171714,0.8825588727338586
stable_crop,500,4000,528,0.8013320711451244,0.807449093062541,0.8159114174827204,0.880591964082075
stable_crop,500,5000,528,0.7944993486125397,0.7979929144049616,0.8092271734089189,0.874690451730699
stable_crop,500,6000,528,0.7942532010462909,0.7982741749668918,0.8090648896276469,0.8743732950490841
stable_crop,500,7000,528,0.7943694675556638,0.797319181111301,0.8091387554985126,0.8740451584424417
stable_crop,500,8000,528,0.7943469971371727,0.7981324564668932,0.8092783236069522,0.8740792931902021
stable_crop,1000,2000,528,0.8240000720831128,0.8323642305262394,0.8315336919279457,0.8862655733151455
stable_crop,1000,3000,528,0.8110472103342282,0.8179831687165777,0.8218513667689535,0.8826016262602612
stable_crop,1000,4000,528,0.8008737375055706,0.809579961312048,0.8166872139593753,0.8805994266580401
stable_crop,1000,5000,528,0.7940573055208636,0.7976129392935213,0.8093974519241591,0.8746330998265577
stable_crop,1000,6000,528,0.7940447703527977,0.7972874491193267,0.8095381525722843,0.874227483996743
stable_crop,1000,7000,528,0.7936462598731897,0.7970266790103329,0.8093801403204406,0.8740192489250801
stable_crop,1000,8000,528,0.7938750811210099,0.7973678388026159,0.8094230457886856,0.8739668059988603
stable_crop,2000,3000,528,0.8094239757309097,0.8144619766604803,0.8218947262768773,0.8832519556021439
stable_crop,2000,4000,528,0.8005555985947124,0.8084670753632416,0.8167062798257394,0.8805181786892214
stable_crop,2000,5000,528,0.7925642855537121,0.7947128427648705,0.8091872076845248,0.874196637187306
stable_crop,2000,6000,528,0.792107394191593,0.796840125464332,0.8093879872257317,0.8737894320850419
stable_crop,2000,7000,528,0.792128023476974,0.7953523600701553,0.8093215362622292,0.8734619740782237
stable_crop,2000,8000,528,0.7919734174889188,0.7970291838873591,0.8092867536610505,0.8734627760826524
stable_crop,3000,4000,528,0.809924017929195,0.8162041710462615,0.817136235498469,0.8773861661699363
stable_crop,3000,5000,528,0.7905956521365657,0.7928895098813697,0.8083160708596062,0.8727621325671245
stable_crop,3000,6000,528,0.7900685054698995,0.7951600015248554,0.8081174334954392,0.8725901278603484
stable_crop,3000,7000,528,0.7898787809619205,0.7953360312494369,0.8083360317971252,0.8720951289023332
stable_crop,3000,8000,528,0.7898883373085815,0.795144962368208,0.8083219642118176,0.8723143934148659
stable_crop,4000,5000,528,0.7900762426308041,0.7949741122135094,0.807700025238479,0.8732992669907067
stable_crop,4000,6000,528,0.7894445855944633,0.7931204311427893,0.8077484140581004,0.8730122975668466
stable_crop,4000,7000,528,0.7894680759216236,0.7949314355750434,0.8077729599507554,0.8725234436771712
stable_crop,4000,8000,528,0.7894517437712538,0.7948995912452244,0.8079631986275096,0.8726405072308047
stable_nature,0,1000,788,0.8459540243240227,0.8483539025371011,0.8565488455747163,0.873014933894319
stable_nature,0,2000,788,0.8202315889522693,0.821688834828548,0.8380106061053589,0.8599817649618717
stable_nature,0,3000,788,0.8059243243334309,0.8068160764389204,0.8289283167289513,0.8522319433248096
stable_nature,0,4000,788,0.7973874365740315,0.7967252853717955,0.8251605088682525,0.847405123745954
stable_nature,0,5000,788,0.7886440483663384,0.7886111626941057,0.817268494149773,0.8399956122693653
stable_nature,0,6000,788,0.7882098107133734,0.7883029775292417,0.8169999948399261,0.8401716236362986
stable_nature,0,7000,788,0.787889000034904,0.786126520064079,0.8170549146094614,0.8405035244770298
stable_nature,0,8000,788,0.7870569593870912,0.7862495437460362,0.8171466597461775,0.8409365130048492
stable_nature,500,1000,788,0.843660171703506,0.849196757193652,0.8564842367181147,0.87445740420784
stable_nature,500,2000,788,0.8193873381258023,0.8196763520378441,0.8378979553199744,0.8603920471428451
stable_nature,500,3000,788,0.8058818867707033,0.8060372948896055,0.828797813536251,0.852419570240347
stable_nature,500,4000,788,0.7974965750639582,0.7983927947142314,0.8250903675982063,0.8477699011042827
stable_nature,500,5000,788,0.7888688251856557,0.7894450018125329,0.8169218433193067,0.8397046680966366
stable_nature,500,6000,788,0.7883243239484982,0.7878739225686403,0.8171021341860505,0.8399416408018576
stable_nature,500,7000,788,0.7880015396359076,0.7886508042667937,0.8171118225685556,0.840603142364495
stable_nature,500,8000,788,0.7872004308307416,0.7880485187198609,0.8170281411618251,0.8411827147479692
stable_nature,1000,2000,788,0.818474080527072,0.8181224114512041,0.8365593646152352,0.8595200853182356
stable_nature,1000,3000,788,0.8063979218673151,0.8068839302771371,0.8282899325506121,0.8516764228203729
stable_nature,1000,4000,788,0.7984294170262899,0.7987346208919692,0.8247551110717671,0.8477071819448049
stable_nature,1000,5000,788,0.7891704779666555,0.7909051016044737,0.8167656508206428,0.8401411209690565
stable_nature,1000,6000,788,0.7884704274575641,0.7884876630936082,0.8168005002032002,0.8401609284457398
stable_nature,1000,7000,788,0.788102222265324,0.7886927037560616,0.8167209715393842,0.8407763519669015
stable_nature,1000,8000,788,0.7871672862099073,0.7873788671528467,0.8167985382194792,0.8414726420097371
stable_nature,2000,3000,788,0.8104361986823008,0.8104493191405829,0.8290505884298659,0.8543829739533728
stable_nature,2000,4000,788,0.8031329996936394,0.8020304381485193,0.8248786541185272,0.8489432520077236
stable_nature,2000,5000,788,0.7901108124440488,0.7897448509811844,0.8165721998319904,0.8426902804536579
stable_nature,2000,6000,788,0.7888927231044399,0.7895222738218919,0.8163530260813395,0.8422336331939289
stable_nature,2000,7000,788,0.7883438680676258,0.7876198189724432,0.8163365880712684,0.842794692850743
stable_nature,2000,8000,788,0.7875201351747135,0.7876839419790167,0.8164047858719112,0.843561245250255
stable_nature,3000,4000,788,0.8149924770458113,0.8157837844564005,0.8254474201318244,0.8509586151735719
stable_nature,3000,5000,788,0.7889726541876906,0.7864304317878904,0.8145136970097551,0.8447941291455404
stable_nature,3000,6000,788,0.7876591730409671,0.7879726057765171,0.8144288540423228,0.8443227339143526
stable_nature,3000,7000,788,0.7871823612515882,0.7867186101285619,0.8144329928218623,0.8445859104601541
stable_nature,3000,8000,788,0.7862129180207962,0.7854933265905242,0.8144124197445538,0.8454488225885819
stable_nature,4000,5000,788,0.7867447337807371,0.7860689935144944,0.8141059706783922,0.8463985241646589
stable_nature,4000,6000,788,0.785781294064966,0.7836988182416915,0.814015731249442,0.8459687172706395
stable_nature,4000,7000,788,0.7851658306340916,0.7842121821007342,0.8140593865136436,0.8466307228924469
stable_nature,4000,8000,788,0.784480486234619,0.7831513367500047,0.8140593391431293,0.8472993493235863
