parent_id,parent_label_v1,applicable_v1,dor_median_v1,dor_median_ci_low_v1,dor_median_ci_high_v1,n_eff_min_v1,parent_label_v2,applicable_v2,dor_median_v2,dor_median_ci_low_v2,dor_median_ci_high_v2,n_eff_min_v2,dor_delta_v2_minus_v1,n_eff_min_delta_v2_minus_v1,category_v1,category_v2,category_changed
00000000000000000001,built_loss,True,0.4706867407616261,0.4063839019380479,0.5173367782040836,3.051880900306309,built_loss,True,0.4457660778568862,0.4217692843774445,0.4784522672487948,5.861247670445409,-0.024920662904739876,2.8093667701391,indistinguishable,degraded,True
00000000000000000011,crop_loss,True,0.3211165256704967,0.2384322064425415,0.4151436709287951,7.080049390419231,crop_loss,True,0.730354391026093,0.5025980660985244,0.8474615733089188,1.3257441993383745,0.4092378653555963,-5.7543051910808565,degraded,recovering,True
0000000000000000002b,crop_loss,True,0.1573219483022262,0.1107219643027015,0.2083672212279881,5.827711333482542,crop_loss,True,0.1751743266164742,0.1329922821589321,0.2414283591659508,1.4308948328822289,0.01785237831424799,-4.396816500600313,degraded,degraded,False
0000000000000000002d,crop_loss,True,0.4711545637979996,0.4318786761032954,0.5153382760127518,4.965861242425682,crop_loss,True,0.4824669151948398,0.4505139344180263,0.5218400215181154,2.689612978682966,0.011312351396840226,-2.2762482637427155,indistinguishable,indistinguishable,False
0000000000000000003a,crop_loss,True,0.3759444888694576,0.3185408412443395,0.4069024840158464,6.171197014516915,crop_loss,True,0.3053277522367648,0.260147331698719,0.3487000260929097,1.4860809458833943,-0.0706167366326928,-4.685116068633521,degraded,degraded,False
00000000000000000049,built_loss,True,0.0966234364249358,0.0684764111142682,0.150551854531313,1.0735909189619943,built_loss,True,0.4931784321263063,0.4710751277848942,0.5062313170734001,1.8367837076667397,0.3965549957013705,0.7631927887047454,degraded,indistinguishable,True
0000000000000000004a,built_loss,True,0.4542581874572043,0.436284149941775,0.4671332462005291,8.02975907914793,built_loss,True,0.4399635974690063,0.4246255725572515,0.4553978557994535,1.0725907529657952,-0.014294589988197992,-6.957168326182134,degraded,degraded,False
0000000000000000004f,built_loss,True,0.3347843652939558,0.2825903827211757,0.4909180429161309,5.580937789925945,built_loss,True,0.4338715639144099,0.3699159540722352,0.4914364488976445,3.596940951487859,0.09908719862045412,-1.9839968384380855,degraded,degraded,False
0000000000000000005a,built_loss,True,0.3667226847183818,0.3429126703869784,0.3843987084690894,4.176941754526285,built_loss,True,0.4341876403329874,0.4084048742687035,0.4614315875733328,1.2830163899690867,0.06746495561460558,-2.8939253645571985,degraded,degraded,False
00000000000000000079,built_loss,True,0.5735675459802546,0.5306345001409573,0.6094190519739253,7.562530238510735,built_loss,True,0.610284403541861,0.575208703469726,0.6560986029057196,1.7978572685631924,0.036716857561606364,-5.764672969947543,recovering,recovering,False
00000000000000000085,built_loss,True,0.3766111884104044,0.3431811418844626,0.4212591648633297,7.741945356198363,built_loss,True,0.3935463838584332,0.328852284854447,0.4356071128115694,1.1017389071513417,0.016935195448028795,-6.640206449047021,degraded,degraded,False
00000000000000000087,built_loss,True,0.4280542312480618,0.353175051790666,0.5424907583540852,6.701942809799698,built_loss,True,0.5266498190547633,0.4865734587342748,0.6078289539494415,1.3205556467564168,0.09859558780670147,-5.381387163043281,indistinguishable,indistinguishable,False
0000000000000000009b,crop_loss,True,0.4762450769604351,0.4694756543157743,0.4837050560045323,4.500261999106015,crop_loss,True,0.4928844914718775,0.4861761194471271,0.4984632776448209,1.2709378361546295,0.016639414511442407,-3.2293241629513854,degraded,degraded,False
0000000000000000009d,crop_loss,True,0.4935365397267887,0.4591307401696244,0.5271867484555731,3.0938323723791936,crop_loss,True,0.3740934465652373,0.324882703358971,0.4030259525342851,1.797608254438375,-0.11944309316155138,-1.2962241179408187,indistinguishable,degraded,True
000000000000000000a1,built_loss,True,0.5301505649797698,0.4985682530450672,0.5791400047567639,4.1051092710348565,built_loss,True,0.4493490161217572,0.4096633509233283,0.4649559513807705,1.1435028720302622,-0.08080154885801255,-2.9616063990045944,indistinguishable,degraded,True
000000000000000000a8,crop_loss,True,0.2264114030633893,0.212369342570169,0.2774452335840119,6.357775148688938,crop_loss,True,0.2038031154052213,0.1907588736220885,0.219576384462818,1.246400959063246,-0.022608287658167997,-5.111374189625692,degraded,degraded,False
000000000000000000b8,built_loss,True,0.4283827467173351,0.3301380881823535,0.4920336143114948,7.630129522592931,built_loss,True,0.5311818475002759,0.4170308017734788,0.5973638804025703,1.1839302622792127,0.10279910078294074,-6.446199260313718,degraded,indistinguishable,True
000000000000000000c0,built_loss,True,0.5093127764587461,0.4686143628051489,0.559344336169459,7.563968352159608,built_loss,True,0.6135637693591418,0.5595949698856848,0.6492664536537516,1.2627946862585446,0.10425099290039574,-6.3011736659010635,indistinguishable,recovering,True
000000000000000000da,crop_loss,True,0.8021866457826458,0.7436630169656289,0.8257173842724291,4.748346671286647,crop_loss,True,0.7736581409080185,0.7382663774092083,0.7958510967147441,3.179265595278596,-0.028528504874627214,-1.5690810760080511,recovering,recovering,False
000000000000000000e2,built_loss,True,0.4208231163058395,0.3649646777664362,0.4889465157116754,5.769560416166428,built_loss,True,0.3793295411885945,0.3402085592859747,0.4179454721040557,1.335372518702459,-0.041493575117244996,-4.434187897463969,degraded,degraded,False
000000000000000000e3,crop_loss,True,0.437937488155543,0.3460467569945515,0.4890907885079835,7.68286048137449,crop_loss,True,0.4798904113809524,0.4350665144784884,0.511662874103865,2.767021236180491,0.04195292322540939,-4.915839245193999,degraded,indistinguishable,True
000000000000000000e9,crop_loss,True,0.5697259856078545,0.5242363015189222,0.6084350778608768,4.516017326467643,crop_loss,True,0.4038850602527873,0.3511184192174922,0.467044608481684,1.0195811117726308,-0.16584092535506717,-3.496436214695012,recovering,degraded,True
000000000000000000f0,built_loss,True,0.728828644702759,0.6727019776240543,0.7781981883575144,7.176691259535885,built_loss,True,0.6679900963561605,0.617782457522292,0.7123174557543445,1.1755773968198655,-0.06083854834659852,-6.00111386271602,recovering,recovering,False
000000000000000000f8,built_loss,True,0.5803734809242685,0.5381998236640554,0.6200486851679283,9.466464155840717,built_loss,True,0.5584459640469653,0.5093134736419765,0.6048833254018688,1.349196828250684,-0.02192751687730321,-8.117267327590032,recovering,recovering,False
00000000000000000114,built_loss,True,0.6389758399332004,0.5825731963845865,0.6703631878087706,6.898347803816599,built_loss,True,0.6814796386966279,0.6390151315400547,0.7065453396492443,1.347553859744166,0.04250379876342747,-5.550793944072433,recovering,recovering,False
0000000000000000011b,crop_loss,True,0.4915521049600311,0.4698132194690758,0.5076334311941919,5.620489667649077,crop_loss,True,0.4579397245820312,0.4420303925960174,0.4805765209596091,1.270242001362064,-0.033612380377999906,-4.3502476662870135,indistinguishable,degraded,True
0000000000000000011c,built_loss,True,0.785435456905226,0.7649569935370466,0.8120017160082349,1.7768103680840115,built_loss,True,0.7250914899770797,0.7019714323361915,0.7440041363581144,2.382136415023483,-0.06034396692814625,0.6053260469394717,recovering,recovering,False
00000000000000000128,crop_loss,True,0.5209726323836148,0.5033533662743487,0.5386292435517813,5.035876516940915,crop_loss,True,0.5288331148962316,0.5148734765677488,0.5478960268273668,1.2185915606332776,0.00786048251261684,-3.8172849563076374,recovering,recovering,False
00000000000000000151,built_loss,True,0.1929122619948317,0.17132985876829,0.2108593495614742,1.7226084184248498,built_loss,True,0.2572199409406152,0.2401456679987443,0.2777897882722208,1.4193694473559286,0.06430767894578349,-0.30323897106892117,degraded,degraded,False
00000000000000000161,built_loss,True,0.6089192893019457,0.5554641437852428,0.6481318685286022,10.269825699870252,built_loss,True,0.6669426699012915,0.6385331968689986,0.7037560554383004,1.234524503447459,0.05802338059934575,-9.035301196422793,recovering,recovering,False
0000000000000000016a,built_loss,True,0.1395209423864861,0.1193982539296573,0.2202350046337458,3.672112038043592,built_loss,True,0.2475365050003912,0.2003486855711958,0.2907745667646855,1.2119841886959617,0.1080155626139051,-2.4601278493476304,degraded,degraded,False
0000000000000000016c,crop_loss,True,0.5865032762278531,0.4938625797275563,0.6706038716659062,6.295079177159194,crop_loss,True,0.4583489423814819,0.4173728031635375,0.4975546966567773,1.634127905415508,-0.12815433384637126,-4.660951271743686,indistinguishable,degraded,True
00000000000000000176,built_loss,True,0.5002752373185344,0.4790471544628813,0.5258031502443997,5.983397701003539,built_loss,True,0.6577268895390618,0.6267780320362933,0.6851242653693661,1.390527401290954,0.15745165222052737,-4.592870299712585,indistinguishable,recovering,True
00000000000000000192,crop_loss,True,0.5969269462996039,0.5780313670592317,0.6106123353212717,7.204262408900448,crop_loss,True,0.5633278845993202,0.5380406156341369,0.578534292044923,1.3233112400936986,-0.033599061700283706,-5.8809511688067495,recovering,recovering,False
00000000000000000196,crop_loss,True,0.4296135463776515,0.3778430325405634,0.4940631695318467,3.4444179365199363,crop_loss,True,0.2438537879987322,0.2228931374607655,0.2787550150483119,1.4344612084731163,-0.18575975837891928,-2.00995672804682,degraded,degraded,False
000000000000000001a6,crop_loss,True,0.368926574567659,0.3347880267450599,0.3921095456048493,9.102534124680751,crop_loss,True,0.2722528888927655,0.2183941012302108,0.3235283646548711,1.206002538177208,-0.09667368567489348,-7.896531586503544,degraded,degraded,False
000000000000000001a8,built_loss,True,0.5079947515908064,0.4508335531315909,0.545673153666142,8.599834353027058,built_loss,True,0.5869390663134306,0.5385937366107889,0.6387348301270054,3.2973140475781544,0.0789443147226242,-5.302520305448903,indistinguishable,recovering,True
000000000000000001be,built_loss,True,0.3375905691274529,0.2768075266265695,0.4005383115945816,1.7469745991834893,built_loss,True,0.5139802074309038,0.4777807935322721,0.5706171431267971,1.337877581449132,0.1763896383034509,-0.40909701773435736,degraded,indistinguishable,True
000000000000000001cd,built_loss,True,0.7644633419818139,0.7185508243795184,0.8076621124435239,9.836317171747446,built_loss,True,0.7599614133742899,0.714292796924866,0.7951419226314271,1.3321995271260143,-0.004501928607523964,-8.50411764462143,recovering,recovering,False
000000000000000001e4,crop_loss,True,0.580629874616769,0.5454295362325702,0.6226947192747813,6.709802568271449,crop_loss,True,0.4913037704735231,0.461509065696526,0.5181242206648732,4.440778915414226,-0.08932610414324588,-2.269023652857223,recovering,indistinguishable,True
000000000000000001e5,built_loss,True,0.5717042698391979,0.4945079944891906,0.6379911121263786,4.5372712606626,built_loss,True,0.5440990904736995,0.5015477126959432,0.6015998777745966,2.135818106524595,-0.027605179365498334,-2.4014531541380046,indistinguishable,recovering,True
000000000000000001f9,crop_loss,True,0.7993302646403085,0.7770698576162065,0.8232085191798909,3.84542621069273,crop_loss,True,0.6664625013811083,0.4427959006037145,0.7554579743990373,1.323576717423689,-0.13286776325920024,-2.521849493269041,recovering,indistinguishable,True
00000000000000000206,built_loss,True,0.2309228246267467,0.1892372069797099,0.4622535144028092,5.905575764302444,built_loss,True,0.7470837853266461,0.6989573593531417,0.7672588884720704,1.5226846841900223,0.5161609606998994,-4.382891080112422,degraded,recovering,True
00000000000000000209,built_loss,True,0.4930478301506332,0.4031459498030327,0.5670030650114347,6.227182073520733,built_loss,True,0.600126269845666,0.5660755350442288,0.6648115100944444,3.308861669149432,0.10707843969503278,-2.9183204043713005,indistinguishable,recovering,True
00000000000000000228,crop_loss,True,0.5948009483767961,0.4972737382626584,0.6330621520009116,2.497189753612957,crop_loss,True,0.5198097367504713,0.3923582620291253,0.559962289089089,1.5628158566211066,-0.07499121162632483,-0.9343738969918505,indistinguishable,indistinguishable,False
00000000000000000231,built_loss,True,0.5961528870310252,0.5411494282606027,0.6545877081294775,7.79617477945345,built_loss,True,0.5079632442802016,0.4776517167441417,0.5503924414974511,1.7917256743313985,-0.08818964275082364,-6.004449105122052,recovering,indistinguishable,True
0000000000000000024c,built_loss,True,0.6850150709003042,0.6535046012458193,0.7154448795572058,7.153502702129229,built_loss,True,0.7157987079804445,0.6936194397558261,0.739528860688663,1.1779739088278596,0.030783637080140314,-5.975528793301369,recovering,recovering,False
0000000000000000026d,built_loss,True,0.5777923665786945,0.5344114087202412,0.6170707726430945,9.574463427416024,built_loss,True,0.5813015845916578,0.5413054002443909,0.6254546320375214,1.1813151890918223,0.0035092180129633332,-8.393148238324201,recovering,recovering,False
00000000000000000278,built_loss,True,0.7428817113917677,0.7089637039429766,0.8151867831340714,4.15877579536396,built_loss,True,0.7927442142022334,0.7454090590748378,0.8266581794977056,1.320719687780835,0.04986250281046567,-2.838056107583125,recovering,recovering,False
00000000000000000281,crop_loss,True,0.5344663176511659,0.4939247913154322,0.5699404508466647,8.922006531454933,crop_loss,True,0.5176650907595726,0.479148166619442,0.544936580121698,1.2730796876863328,-0.016801226891593357,-7.6489268437686,indistinguishable,indistinguishable,False
0000000000000000028c,crop_loss,True,0.5820707939349579,0.5110963113927304,0.6166748515643758,4.668090896186911,crop_loss,True,0.3104154821610825,0.2777696247044155,0.3442789100445184,1.1651335669978933,-0.27165531177387536,-3.5029573291890177,recovering,degraded,True
0000000000000000028d,crop_loss,True,0.650476973054494,0.616123833480935,0.6852484058864654,5.287778636231733,crop_loss,True,0.6692487482339626,0.6265924292385279,0.6965818369432023,1.8282980223691112,0.018771775179468597,-3.459480613862622,recovering,recovering,False
00000000000000000291,crop_loss,True,0.8814918197912559,0.8593120267633474,0.9014323872371798,2.0524351869670405,crop_loss,True,0.8818759387456236,0.8725558894735891,0.8931471780023827,1.314505567707667,0.00038411895436774035,-0.7379296192593736,recovering,recovering,False
00000000000000000293,built_loss,True,0.418389143460013,0.3902211199482843,0.4726222736309076,4.842694830268839,built_loss,True,0.499497522010921,0.4524483503449713,0.5277346269012865,1.9845632968408289,0.08110837855090802,-2.8581315334280104,degraded,indistinguishable,True
000000000000000002a4,built_loss,True,0.5102291181793324,0.4647803166708413,0.5363412630859739,5.484370462525535,built_loss,True,0.4113313291342232,0.3898785896222521,0.4420574308095906,1.10734710035477,-0.09889778904510915,-4.377023362170766,indistinguishable,degraded,True
000000000000000002c5,crop_loss,True,0.2038279726932365,0.1661751250060874,0.2459877704447588,8.552148363458867,crop_loss,True,0.3441023383401047,0.2936076339878641,0.3731205761899852,1.1721284827389362,0.14027436564686818,-7.3800198807199315,degraded,degraded,False
000000000000000002cc,crop_loss,True,0.3544252478181828,0.2524018569042629,0.5385740514647026,7.696291449248306,crop_loss,True,0.4563905792626592,0.3479039251688318,0.561202610751625,1.1261685957532233,0.10196533144447639,-6.570122853495082,indistinguishable,indistinguishable,False
000000000000000002dc,crop_loss,True,0.6324903798479619,0.5941823211259307,0.6548310660907504,9.0546485838516,crop_loss,True,0.651471001951427,0.6068149551951698,0.6861499508972214,1.3484983724679027,0.018980622103465183,-7.706150211383697,recovering,recovering,False
000000000000000002e4,crop_loss,True,0.4439385983120642,0.4204876529444855,0.4737887191846398,4.344191961989,crop_loss,True,0.3215288910092207,0.2863634427193822,0.4012414183342811,1.385026080373805,-0.1224097073028435,-2.9591658816151947,degraded,degraded,False
000000000000000002ec,crop_loss,True,0.5278891350661491,0.4801653243341691,0.5692179006804227,8.21630498879724,crop_loss,True,0.5167196172342085,0.4580759220968999,0.5624901447055114,1.3326344687571805,-0.011169517831940645,-6.88367052004006,indistinguishable,indistinguishable,False
00000000000000000314,crop_loss,True,0.0270074148692736,0.0248605941411134,0.0316472684437235,6.682025149695321,crop_loss,True,0.096140839939907,0.0618333591866237,0.1259303858022978,1.5305477733259865,0.0691334250706334,-5.151477376369335,degraded,degraded,False
00000000000000000316,built_loss,True,0.1229453327021168,0.109883356895808,0.1345828789492879,3.0290520909225496,built_loss,True,0.1189497311010705,0.1028672570484819,0.1342964867945573,1.0299742942582364,-0.0039956016010462975,-1.9990777966643132,degraded,degraded,False
00000000000000000335,crop_loss,True,0.4369450917000426,0.4056886708098919,0.4669035772413623,7.556498492247433,crop_loss,True,0.4512135685041144,0.4126734777218679,0.481419358907132,1.430530279188786,0.014268476804071839,-6.1259682130586475,degraded,degraded,False
0000000000000000033a,crop_loss,True,0.5559427130489777,0.5199692532186749,0.5830280459173103,6.917998328255963,crop_loss,True,0.530596993006267,0.4834260843241295,0.5628225918602464,1.7148056697491003,-0.02534572004271074,-5.203192658506863,recovering,indistinguishable,True
0000000000000000034d,built_loss,True,0.1552768931742463,0.0579554683410856,0.2346235354668329,1.0139317834874892,built_loss,True,0.4127644319166293,0.3947280758614075,0.4374459711790845,1.11873697494492,0.257487538742383,0.10480519145743084,degraded,degraded,False
00000000000000000356,built_loss,True,0.427718315580763,0.3757873697430495,0.4866338709109082,5.517656180182442,built_loss,True,0.4757208579676072,0.3952795876664048,0.5647278402774719,1.2304183313702053,0.048002542386844205,-4.287237848812237,degraded,indistinguishable,True
00000000000000000362,built_loss,True,0.5216340349604528,0.4858225446019196,0.5578606573419438,4.793597490352608,built_loss,True,0.578149959672384,0.5459774811155267,0.6359277055105585,1.767459829570465,0.05651592471193123,-3.026137660782143,indistinguishable,recovering,True
00000000000000000363,built_loss,True,0.3044531131026729,0.266557829365107,0.3574431453478618,8.81794986061164,built_loss,True,0.2523768279986098,0.2219401410315241,0.2851417394794823,1.136065116788428,-0.05207628510406315,-7.681884743823211,degraded,degraded,False
00000000000000000364,built_loss,True,0.5161552279631704,0.4827099838548911,0.5909503802306375,4.122850005728768,built_loss,True,0.6192298588967509,0.5810825251217163,0.6730719602133608,1.8456275274999492,0.10307463093358049,-2.2772224782288193,indistinguishable,recovering,True
00000000000000000375,built_loss,True,0.6674107190118774,0.6217780647385602,0.6940176461008734,7.528506167549843,built_loss,True,0.6636427916295601,0.6415217860499941,0.700705196249188,1.502050250088501,-0.0037679273823173487,-6.026455917461342,recovering,recovering,False
00000000000000000380,built_loss,True,0.5162954755083005,0.469927091643345,0.5570912782185488,3.968965029602249,built_loss,True,0.4943172447382904,0.4655514370718943,0.5307654807203052,1.3856207897357524,-0.021978230770010043,-2.5833442398664967,indistinguishable,indistinguishable,False
00000000000000000384,built_loss,True,0.610203915808848,0.5977068180483786,0.6464661389107016,8.142765815315808,built_loss,True,0.5942720153739336,0.5667532615884843,0.626667830977258,1.1454874108748847,-0.015931900434914437,-6.997278404440924,recovering,recovering,False
0000000000000000039e,built_loss,True,0.3451099945827982,0.2871654274868584,0.4074890090204387,1.418912426132121,built_loss,True,0.5119224468680891,0.4781403083541385,0.541877567153001,1.4634955451481575,0.1668124522852909,0.0445831190160364,degraded,indistinguishable,True
000000000000000003a1,built_loss,True,0.6315610593577702,0.5395537974672676,0.6866942785249583,4.627030692387888,built_loss,True,0.597156473421793,0.5654974358525497,0.6486994994022947,1.241790842469979,-0.03440458593597717,-3.385239849917909,recovering,recovering,False
000000000000000003a2,crop_loss,True,0.4114761825588132,0.3068951309256258,0.4985778964093511,5.93627090243132,crop_loss,True,0.3318222738535446,0.2863349323652683,0.3897879564381802,1.2699797994743256,-0.07965390870526856,-4.666291102956995,degraded,degraded,False
000000000000000003a5,built_loss,True,0.6047036495876502,0.5432775111233029,0.6466801602133537,8.011860412642474,built_loss,True,0.3787233533241222,0.3378999385430954,0.4340462109619176,1.0989322125154717,-0.225980296263528,-6.912928200127002,recovering,degraded,True
000000000000000003b0,crop_loss,True,0.1885887194657057,0.1493617740766252,0.2332126068409631,8.123891098497815,crop_loss,True,0.2272068301840649,0.1864211175328045,0.2598057951566138,1.4675036438141966,0.03861811071835919,-6.656387454683618,degraded,degraded,False
000000000000000003b7,built_loss,True,0.413910334846955,0.3410890651820172,0.4940981646696902,5.93318216001249,built_loss,True,0.481176483284915,0.4666193730180693,0.5003029664135439,2.464722223142924,0.06726614843796003,-3.4684599368695657,degraded,indistinguishable,True
000000000000000003bf,built_loss,True,0.5438208958226529,0.5111305090627631,0.5717039652874241,9.522500930602252,built_loss,True,0.5275568349855334,0.4963922637027717,0.5663271955747753,1.3774873188438872,-0.01626406083711951,-8.145013611758365,recovering,indistinguishable,True
000000000000000003c7,crop_loss,True,0.708244804596588,0.6348242974775318,0.7542900290080108,1.3851521088551169,crop_loss,True,0.712501564649952,0.6695563303864758,0.7595110035898994,1.384224235068909,0.0042567600533639505,-0.0009278737862079556,recovering,recovering,False
000000000000000003c8,crop_loss,True,0.0983762238196064,0.0831979520450717,0.1167426112385363,9.761209457064831,crop_loss,True,0.197128335650362,0.1773815386633134,0.2281850163067028,1.225193050284002,0.0987521118307556,-8.53601640678083,degraded,degraded,False
000000000000000003d2,built_loss,True,0.5884377587635155,0.506464022166593,0.6461285187871627,6.414955194844064,built_loss,True,0.5902530908897715,0.5147374318284207,0.6395063382219288,1.4310846732356135,0.001815332126256064,-4.983870521608451,recovering,recovering,False
000000000000000003f1,crop_loss,True,0.5124511510327434,0.4580080543237954,0.5868773332330111,8.231873039947295,crop_loss,True,0.4784585813400513,0.4329073872169412,0.5194429488512683,1.32735127720905,-0.0339925696926921,-6.904521762738245,indistinguishable,indistinguishable,False
000000000000000003f2,crop_loss,True,0.4671304387001209,0.426029343621292,0.495068142713398,8.16308973178691,crop_loss,True,0.4900789039231681,0.4526723416132542,0.5114680536548015,2.493389540238425,0.02294846522304722,-5.669700191548484,degraded,indistinguishable,True
000000000000000003f8,built_loss,True,0.3408987924417991,0.3008246625049308,0.3895537120208236,4.441841492723303,built_loss,True,0.2200028781710828,0.2002561442951503,0.2380678541281462,1.0765061811873158,-0.1208959142707163,-3.365335311535987,degraded,degraded,False
000000000000000003fa,built_loss,True,0.463253420538105,0.4290783456438939,0.5134597756565618,7.661165334986111,built_loss,True,0.4406429154372163,0.4075205523458745,0.4662786883581487,6.144493254210263,-0.02261050510088869,-1.516672080775848,indistinguishable,degraded,True
00000000000000000407,built_loss,True,0.5184685312912396,0.4637126829816011,0.560570549534723,9.521807627838855,built_loss,True,0.5710881404030977,0.5317922690959043,0.60870492170118,1.3736015232947407,0.052619609111858145,-8.148206104544116,indistinguishable,recovering,True
0000000000000000040f,built_loss,True,0.6032381735159859,0.5859209237973471,0.6286943018912123,6.685315279015623,built_loss,True,0.5175390120208999,0.5053474067098295,0.5342387530112055,1.1896657437175169,-0.08569916149508594,-5.4956495352981065,recovering,recovering,False
00000000000000000426,built_loss,True,0.5080062870839719,0.4764517356889254,0.5428335276067567,7.449842459453944,built_loss,True,0.5605947020251493,0.5250212414643178,0.5906980728763249,1.3653707771504706,0.052588414941177386,-6.084471682303473,indistinguishable,recovering,True
0000000000000000042b,built_loss,True,0.6164136424974516,0.5853884806020757,0.6556657804087592,9.119552380191928,built_loss,True,0.5773600135560975,0.5300543382818323,0.6165915534232838,1.2493434826538885,-0.03905362894135411,-7.87020889753804,recovering,recovering,False
00000000000000000442,built_loss,True,0.7464368820784286,0.7032384580299723,0.7737940113202626,3.956412526086005,built_loss,True,0.3252001137405086,0.2835610972900333,0.3991624761819444,1.0304344022501648,-0.42123676833792,-2.92597812383584,recovering,degraded,True
0000000000000000044b,crop_loss,True,0.3805259288933623,0.3613179232471081,0.4140677281539163,1.319845323228456,crop_loss,True,0.5772634636816566,0.5597008535109591,0.6012137242250485,1.3355273820638114,0.1967375347882943,0.01568205883535545,degraded,recovering,True
00000000000000000465,built_loss,True,0.6047741661785658,0.5552729835236402,0.647644373032499,7.681117396658943,built_loss,True,0.6502428139970662,0.6062778352035324,0.6774379431612472,1.370221863823673,0.04546864781850035,-6.3108955328352705,recovering,recovering,False
0000000000000000046c,crop_loss,True,0.5169628170040165,0.3997652727818572,0.662315181907437,10.118157552688157,crop_loss,True,0.5108820253407497,0.4500098759247391,0.5572332067333443,2.641741908516868,-0.006080791663266805,-7.476415644171288,indistinguishable,indistinguishable,False
0000000000000000047e,built_loss,True,0.5175792881880642,0.4906101644180864,0.5523419333391257,6.45879817840148,built_loss,True,0.517086674082226,0.5012626286791196,0.5542275271043094,2.4470386069714425,-0.0004926141058382294,-4.011759571430037,indistinguishable,recovering,True
00000000000000000480,crop_loss,True,0.9104343600703224,0.8695462542373116,0.92305947477427,1.890191287300442,crop_loss,True,0.8647773557856236,0.8138829761419492,0.8844803664489355,1.1708916865960015,-0.045657004284698766,-0.7192996007044405,recovering,recovering,False
00000000000000000483,crop_loss,True,0.5243592634755084,0.4868078998588656,0.5473312977166126,4.6819878218970565,crop_loss,True,0.7528212781559955,0.6971257340013157,0.7900158355795925,1.4404971844190708,0.2284620146804871,-3.2414906374779857,indistinguishable,recovering,True
00000000000000000485,crop_loss,True,0.7270505173169028,0.6946036277255325,0.754937047770912,5.55824664815824,crop_loss,True,0.7024702721367897,0.6845234762971222,0.72512599624897,1.677810481369764,-0.024580245180113147,-3.8804361667884764,recovering,recovering,False
00000000000000000490,built_loss,True,0.630513912081378,0.5815206704428086,0.6644124977290079,8.31744168779871,built_loss,True,0.6385259020391865,0.6108390751148632,0.6804961145482342,4.263469001833144,0.008011989957808496,-4.053972685965565,recovering,recovering,False
00000000000000000497,crop_loss,True,0.3232657665500445,0.2581867861351184,0.3702602054194782,4.129921911852053,crop_loss,True,0.2344446290200766,0.1955905143973733,0.276813335208077,1.2265928527693315,-0.08882113752996793,-2.903329059082721,degraded,degraded,False
0000000000000000049b,crop_loss,True,0.3581019568204736,0.3168623140784514,0.4127805053343662,8.106039196793917,crop_loss,True,0.362081465925387,0.3349232648495914,0.3771472085533783,1.2351692185119765,0.0039795091049134035,-6.870869978281941,degraded,degraded,False
000000000000000004a1,crop_loss,True,0.5287591544042398,0.4947655591390897,0.5622437128702709,6.089014659163079,crop_loss,True,0.3478135502672949,0.3200365720343896,0.3933286881581708,1.3544905458042895,-0.18094560413694494,-4.734524113358789,indistinguishable,degraded,True
000000000000000004c0,built_loss,True,0.6505592419598829,0.6190953555825919,0.6745918989670008,9.330015041436676,built_loss,True,0.6610561807849182,0.6260086079208839,0.682965223194369,1.9170260903822016,0.010496938825035329,-7.412988951054475,recovering,recovering,False
000000000000000004c5,built_loss,True,0.6436379207039062,0.6088508496280899,0.6948286939012772,8.72628527007066,built_loss,True,0.5569497255512478,0.5274471401074897,0.6128422984600439,1.1592979788242164,-0.08668819515265846,-7.566987291246443,recovering,recovering,False
000000000000000004d2,built_loss,True,0.8004362221541929,0.7200329610452281,0.8567604906665461,8.874829641437913,built_loss,True,0.6099783470288064,0.5792534370537691,0.6447440821881962,1.3722391925417123,-0.19045787512538648,-7.5025904488962,recovering,recovering,False
000000000000000004d9,built_loss,True,0.5371526413678671,0.4971524121705385,0.570863097310779,8.117178202186782,built_loss,True,0.5745541215686778,0.5395391704102583,0.6033254538837325,1.7277878336952777,0.03740148020081069,-6.3893903684915045,indistinguishable,recovering,True
000000000000000004e7,crop_loss,True,0.4374060388223012,0.4141687415876889,0.4713418172973371,3.975867500728576,crop_loss,True,0.4975443203869253,0.4728673714241823,0.5135939074519076,1.45663905683389,0.060138281564624085,-2.519228443894686,degraded,indistinguishable,True
000000000000000004e9,crop_loss,True,0.5807542496647639,0.5227614034043856,0.6193204677131753,8.10520476181022,crop_loss,True,0.3313860559037743,0.2830838305562098,0.4600522680771993,1.0657215131331648,-0.24936819376098956,-7.039483248677056,recovering,degraded,True
000000000000000004eb,built_loss,True,0.5005559879649871,0.4705648887651102,0.5381811696834313,8.155497349717505,built_loss,True,0.4595772965726007,0.4409133728443656,0.4845628848562674,1.3578057618236747,-0.04097869139238641,-6.79769158789383,indistinguishable,degraded,True
000000000000000004ee,crop_loss,True,0.4229262531452705,0.3560317585077041,0.5081262600398608,3.640358060680904,crop_loss,True,0.3888558730030298,0.288950848440593,0.4733680216868826,3.014652735487632,-0.034070380142240675,-0.6257053251932718,indistinguishable,degraded,True
000000000000000004f5,built_loss,True,0.8117691698146007,0.7394638650120133,0.8502196660755752,7.562422463047461,built_loss,True,0.4506053578846734,0.4222882413174167,0.483980803606632,1.0333608292514151,-0.3611638119299273,-6.529061633796045,recovering,degraded,True
000000000000000004f7,built_loss,True,0.3967759139644848,0.361085046417506,0.4337344250019592,6.159835989615385,built_loss,True,0.4866655721096831,0.4702308474113538,0.4989173923624471,1.2353355885210349,0.08988965814519828,-4.924500401094351,degraded,degraded,False
000000000000000004f9,crop_loss,True,0.2515792297109464,0.1874963005549004,0.4105916184683598,5.636796244477027,crop_loss,True,0.3606658132286198,0.3022920290739415,0.4684610290164145,5.152307133506703,0.10908658351767342,-0.48448911097032443,degraded,degraded,False
000000000000000004fe,built_loss,True,0.5278088633036104,0.4935697771511284,0.542997236452517,9.880370606848924,built_loss,True,0.4970509721353862,0.4819907577205343,0.5185314014882785,1.1254506471873422,-0.03075789116822425,-8.754919959661581,indistinguishable,indistinguishable,False
00000000000000000517,crop_loss,True,0.602481675361592,0.3761925385006553,0.6476031996165306,1.2476910470775504,crop_loss,True,0.3038921327233812,0.232121743248166,0.367119724505097,1.5994866929033251,-0.2985895426382108,0.3517956458257747,indistinguishable,degraded,True
0000000000000000051d,built_loss,True,0.4942619124552092,0.3508554835612012,0.5617943070970592,3.4935308697172465,built_loss,True,0.5133369948162075,0.4069693184844151,0.606631808042231,2.9102606184417508,0.019075082360998363,-0.5832702512754957,indistinguishable,indistinguishable,False
00000000000000000538,crop_loss,True,0.474135883577926,0.4404823999745275,0.4957443544982544,1.3134728832671183,crop_loss,True,0.3009064776636643,0.2802717420153447,0.3222012981712892,1.0021122359447434,-0.17322940591426172,-0.3113606473223749,degraded,degraded,False
00000000000000000559,built_loss,True,0.6059232315584758,0.5490707154204897,0.6430503429634103,8.676655873586178,built_loss,True,0.684723151743099,0.6515819780709131,0.7210423306640185,1.970274289386985,0.07879992018462312,-6.7063815841991925,recovering,recovering,False
00000000000000000576,built_loss,True,0.3334585947311346,0.303636979266037,0.3657628762062254,7.951469103868703,built_loss,True,0.2852475530433028,0.2493512597244479,0.3128394770095696,1.0673063356486017,-0.0482110416878318,-6.884162768220102,degraded,degraded,False
00000000000000000577,built_loss,True,0.5017232155211407,0.4615873966081597,0.5506685431552911,8.963358470966927,built_loss,True,0.4691748755173136,0.4310493357793177,0.5264655274211913,1.0947485948518425,-0.032548340003827114,-7.868609876115085,indistinguishable,indistinguishable,False
0000000000000000057e,crop_loss,True,0.4826949918902298,0.4681848547332548,0.4968099924670875,1.9317413672823287,crop_loss,True,0.5385314487264147,0.5247528479163364,0.5588001010733602,1.0788779289611097,0.05583645683618488,-0.852863438321219,degraded,recovering,True
0000000000000000057f,built_loss,True,0.586239870535148,0.5460685840558558,0.6200226409544786,2.951311932217186,built_loss,True,0.4210242561873574,0.3864151275636161,0.4652567164273499,1.0154504076715316,-0.16521561434779064,-1.9358615245456545,recovering,degraded,True
00000000000000000594,built_loss,True,0.580216085886026,0.4571044962093293,0.6335784113305685,3.373065164671981,built_loss,True,0.505840212529389,0.4149461944446234,0.602336126011105,3.305735787132196,-0.07437587335663698,-0.06732937753978474,indistinguishable,indistinguishable,False
000000000000000005ad,built_loss,True,0.6589952735619843,0.6171277401805213,0.7184121566668482,7.282263926541115,built_loss,True,0.6656856203494744,0.6260684165161111,0.6900108753925475,1.294030722045106,0.006690346787490142,-5.98823320449601,recovering,recovering,False
000000000000000005bd,built_loss,True,0.6990434609125739,0.6611404712790946,0.7433901220332956,1.4024777778554196,built_loss,True,0.5724746907054712,0.5372487916695031,0.6194628919622226,1.178484376713089,-0.12656877020710267,-0.22399340114233057,recovering,recovering,False
000000000000000005bf,built_loss,True,0.3101011853280384,0.2831058412865561,0.3363653406568077,3.5648304938907387,built_loss,True,0.395700269029998,0.3629354391286435,0.4183081863328989,1.5547730409141631,0.08559908370195962,-2.0100574529765756,degraded,degraded,False
000000000000000005cc,built_loss,True,0.1472147085153971,0.1160726339271088,0.1707402727813517,3.057878787876094,built_loss,True,0.3529357357612959,0.3330542642231486,0.3778791708220668,1.6921130449315402,0.20572102724589877,-1.3657657429445536,degraded,degraded,False
000000000000000005d1,crop_loss,True,0.403847857664188,0.3335534554792707,0.4699333914957131,8.116530441814419,crop_loss,True,0.1425481925196721,0.1234631340346101,0.2066349466594627,1.1553425420397978,-0.2612996651445159,-6.961187899774621,degraded,degraded,False
000000000000000005de,built_loss,True,0.4208741392600011,0.3833836144070369,0.446176136809536,5.835798456458053,built_loss,True,0.4452508590636216,0.4114314449118628,0.460618365225126,1.4755619032980662,0.024376719803620495,-4.360236553159987,degraded,degraded,False
000000000000000005e7,built_loss,True,0.6278642727924822,0.5318344602738833,0.6703131001235827,9.610603083305213,built_loss,True,0.6525479658247079,0.5819909838615119,0.6826356906093151,1.286416656447462,0.024683693032225618,-8.32418642685775,recovering,recovering,False
000000000000000005f9,built_loss,True,0.7424653280170587,0.7070043659124847,0.7749599381709619,7.850199149799766,built_loss,True,0.6262308378266901,0.5702148683580481,0.6898862564703748,1.3317776777761725,-0.11623449019036858,-6.518421472023594,recovering,recovering,False
00000000000000000611,crop_loss,True,0.586100829757337,0.5561058170543001,0.6291259071883246,9.18154956536608,crop_loss,True,0.6635260058662016,0.6263772766088788,0.6902165201964209,1.4184873233343616,0.07742517610886457,-7.763062242031718,recovering,recovering,False
0000000000000000061c,built_loss,True,0.3458483057281722,0.2710979178849715,0.4148646385285547,3.960642785955701,built_loss,True,0.4073894889830283,0.3833668154438486,0.4442238057814667,1.378146310633815,0.06154118325485608,-2.5824964753218858,degraded,degraded,False
00000000000000000624,built_loss,True,0.7214880073580792,0.6750421190406233,0.7482046369437174,5.32773957711039,built_loss,True,0.498551192021064,0.4459861569004157,0.5428342485965141,1.1332757805134512,-0.22293681533701515,-4.1944637965969385,recovering,indistinguishable,True
00000000000000000626,built_loss,True,0.4042347521003757,0.3483355403835082,0.4470716676327809,6.1991395310948025,built_loss,True,0.5038014716831825,0.4784518810730015,0.5261276991169965,1.2328926120527808,0.09956671958280677,-4.966246919042022,degraded,indistinguishable,True
0000000000000000062a,built_loss,True,0.534559700933426,0.4867592145730016,0.5733721940330286,6.378957318076618,built_loss,True,0.5667409151185734,0.536934005033193,0.6006420364052037,1.2700936833157273,0.03218121418514741,-5.1088636347608904,indistinguishable,recovering,True
0000000000000000062f,crop_loss,True,0.4539195862079968,0.3598738571747811,0.5210244238571725,7.791448087898183,crop_loss,True,0.4504569542577955,0.3772395812338912,0.5236079431765909,2.200530449099544,-0.003462631950201245,-5.590917638798639,indistinguishable,indistinguishable,False
00000000000000000632,crop_loss,True,0.0824635360855613,0.067558036146227,0.0946322310743806,6.360408759215291,crop_loss,True,0.0770125482209059,0.0639338110338977,0.0888940433645964,1.891146007454085,-0.005450987864655393,-4.469262751761207,degraded,degraded,False
00000000000000000636,built_loss,True,0.4709236766206968,0.3796574353098312,0.5589373816026073,3.166889391296672,built_loss,True,0.5021887489485638,0.4055106287558399,0.5773820768131311,6.727531392143194,0.031265072327867016,3.5606420008465225,indistinguishable,indistinguishable,False
0000000000000000063e,crop_loss,True,0.208209596805251,0.1899372297276064,0.2487014607313002,6.831316508653456,crop_loss,True,0.3011323999569301,0.272123198688933,0.3367547275071206,2.206225161226353,0.09292280315167908,-4.625091347427103,degraded,degraded,False
0000000000000000064a,built_loss,True,0.3600431253940369,0.3390147408003656,0.3843604719440947,7.317958407157675,built_loss,True,0.2936968537424457,0.2696715193038312,0.3131630348328179,1.022071218209763,-0.06634627165159118,-6.295887188947912,degraded,degraded,False
0000000000000000064d,built_loss,True,0.3481124743112421,0.3169372329103296,0.3822436833045006,6.1837720943260095,built_loss,True,0.4529730950987031,0.4080700459119791,0.492258618664255,1.7460657885982451,0.104860620787461,-4.437706305727764,degraded,degraded,False
00000000000000000655,crop_loss,True,0.3350195289403589,0.2159347861105494,0.4055832002886659,4.212440775592567,crop_loss,True,0.5072721853525394,0.3843872031113602,0.5885731820566553,1.375704516418962,0.17225265641218046,-2.836736259173605,degraded,indistinguishable,True
00000000000000000694,built_loss,True,0.3006191232255857,0.2761233219024247,0.3363982578839031,5.776538184938747,built_loss,True,0.3696240752502557,0.3557593855337212,0.3945968420817905,1.18858781419254,0.06900495202467,-4.587950370746207,degraded,degraded,False
00000000000000000697,crop_loss,True,0.6091696637922767,0.5612643340496899,0.6797158621180934,9.89694998426259,crop_loss,True,0.6232506422547099,0.5769629200489483,0.6570258229936332,3.738393142355693,0.01408097846243328,-6.158556841906898,recovering,recovering,False
00000000000000000698,crop_loss,True,0.5415157333944529,0.4268849880502589,0.5736777954970412,4.834149856293585,crop_loss,True,0.4220623891515007,0.3918459672772524,0.4541351693485304,4.485858570775791,-0.11945334424295223,-0.348291285517794,indistinguishable,degraded,True
0000000000000000069d,built_loss,True,0.528756014848016,0.4827006288300151,0.570762314990588,7.611809259058637,built_loss,True,0.6567461844194507,0.6211130354548141,0.6897871299867475,1.3049208116635616,0.1279901695714346,-6.3068884473950755,indistinguishable,recovering,True
000000000000000006a8,crop_loss,True,0.1956049665411768,0.1480001564895995,0.2282986071251431,6.417909246089322,crop_loss,True,0.3025854772581186,0.2617623974031307,0.3345034841627273,1.4016707116267124,0.10698051071694178,-5.01623853446261,degraded,degraded,False
000000000000000006b4,crop_loss,True,0.574109510972315,0.5120155327668513,0.6487167979004774,7.714082608880353,crop_loss,True,0.5260506773701435,0.4728716535957331,0.5809472933564367,1.2816709126097967,-0.04805883360217145,-6.432411696270556,recovering,indistinguishable,True
000000000000000006b7,built_loss,True,0.3752806821256181,0.3202060777375339,0.4227495970554381,5.742123796664408,built_loss,True,0.4627099297657802,0.4419731217279765,0.4990343551977551,1.174756890240387,0.08742924764016208,-4.56736690642402,degraded,degraded,False
000000000000000006be,crop_loss,True,0.3220350651601946,0.283979595485225,0.3648001959406353,4.762214680649335,crop_loss,True,0.4157927927841666,0.376673135206868,0.4565425589051229,1.3708635218199112,0.093757727623972,-3.391351158829424,degraded,degraded,False
000000000000000006c0,crop_loss,True,0.2013271927897054,0.1643465242403296,0.2306058597385535,1.4638785841660396,crop_loss,True,0.1868185110225309,0.1625793625259803,0.2169575668290501,1.2277076299573375,-0.014508681767174514,-0.23617095420870204,degraded,degraded,False
000000000000000006cc,crop_loss,True,0.3245740213757111,0.3097366975673857,0.3419090403729126,5.844717153693649,crop_loss,True,0.3402652813504774,0.3187393524706345,0.3698997552661803,1.4767921645027648,0.01569125997476628,-4.367924989190884,degraded,degraded,False
000000000000000006ce,crop_loss,True,0.5577428061102975,0.5127136261219761,0.6093073445299176,4.294206732418659,crop_loss,True,0.5805988982688876,0.4900220398911185,0.6345083575357737,1.199948786754482,0.02285609215859008,-3.094257945664177,recovering,indistinguishable,True
000000000000000006d9,crop_loss,True,0.1552196886340212,0.1346442220928001,0.1773754789395471,7.805984222675749,crop_loss,True,0.1903515173556219,0.1651079351657117,0.2309500781559539,1.3778807779629407,0.0351318287216007,-6.428103444712809,degraded,degraded,False
000000000000000006df,built_loss,True,0.4614990489071437,0.3832596952819618,0.5358434092330782,3.2371883537443997,built_loss,True,0.2486328699102255,0.2098065351712884,0.2949932874534926,1.314662013600219,-0.2128661789969182,-1.9225263401441808,indistinguishable,degraded,True
000000000000000006e3,built_loss,True,0.5125259343984534,0.4512832287152165,0.5987691936224185,4.479908626896221,built_loss,True,0.4264119065013423,0.3830385311169935,0.4766333310439824,1.3862557223312155,-0.08611402789711109,-3.0936529045650056,indistinguishable,degraded,True
000000000000000006e5,crop_loss,True,0.5836188129286435,0.5457024087772379,0.6128541394813566,9.645650027722576,crop_loss,True,0.5280159488960374,0.4697239088731944,0.5772100241881958,2.6565488604617387,-0.05560286403260606,-6.989101167260838,recovering,indistinguishable,True
